,GSWA_sample_id,area,equivalent_diameter,perimeter,minor_axis_length,major_axis_length,solidity,convex_area,form_factor,roundness,compactness,aspect_ratio,minimum_Feret,maximum_Feret,U238_ppm,Th232_ppm,SiO2_pct,oscillatory_zonation,sector_zonation,homogenous_zonation,bin
0,88405,14507.22,135.91,503.61,110.29,173.74,0.95,15200.34,0.72,0.61,0.78,1.58,102.14,185.66,115.0,44.0,61.596,1,0,1,65.0
1,88405,28715.15,191.21,706.36,137.1,272.74,0.98,29355.66,0.72,0.49,0.7,1.99,126.41,269.49,173.0,77.0,61.596,1,0,1,65.0
2,88405,45179.33,239.84,856.16,197.55,299.88,0.96,46878.12,0.77,0.64,0.8,1.52,184.06,295.51,232.0,129.0,61.596,1,0,1,65.0
3,88405,28834.96,191.61,735.06,120.18,309.27,0.98,29357.19,0.67,0.38,0.62,2.57,115.75,310.26,132.0,93.0,61.596,1,0,1,65.0
4,88405,35703.86,213.21,891.19,115.31,405.86,0.98,36312.11,0.56,0.28,0.53,3.52,106.01,373.55,231.0,126.0,61.596,1,0,1,65.0
5,88405,34243.11,208.81,838.07,131.87,342.09,0.97,35345.3,0.61,0.37,0.61,2.59,120.42,327.32,340.0,193.0,61.596,1,0,1,65.0
6,88405,38697.97,221.97,812.73,201.34,257.13,0.96,40201.38,0.74,0.75,0.86,1.28,199.62,280.99,153.0,73.0,61.596,1,0,1,65.0
7,88405,25240.08,179.27,618.99,154.05,213.67,0.98,25649.08,0.83,0.7,0.84,1.39,169.24,223.24,194.0,125.0,61.596,1,0,1,65.0
8,88405,18699.12,154.3,615.27,93.24,262.59,0.96,19458.03,0.62,0.35,0.59,2.82,88.01,245.83,131.0,51.0,61.596,1,0,1,65.0
9,88405,28043.93,188.96,775.57,106.75,339.35,0.98,28689.04,0.59,0.31,0.56,3.18,103.79,336.97,188.0,108.0,61.596,1,0,1,65.0
10,88405,12722.25,127.27,477.36,89.09,184.35,0.97,13117.87,0.7,0.48,0.69,2.07,84.87,187.31,159.0,145.0,61.596,1,0,1,65.0
11,88405,15729.92,141.52,564.17,96.64,223.1,0.9,17416.77,0.62,0.4,0.63,2.31,98.59,204.14,157.0,72.0,61.596,1,0,1,65.0
12,88405,42666.46,233.08,884.03,168.67,331.76,0.96,44372.94,0.69,0.49,0.7,1.97,163.16,321.03,166.0,89.0,61.596,1,0,1,65.0
13,88405,42666.46,233.08,884.03,168.67,331.76,0.96,44372.94,0.69,0.49,0.7,1.97,163.16,321.03,205.0,102.0,61.596,1,0,1,65.0
14,88405,34021.96,208.13,812.45,139.48,322.34,0.97,34895.94,0.65,0.42,0.65,2.31,137.81,328.14,237.0,160.0,61.596,1,0,1,65.0
15,88405,39993.86,225.66,849.15,172.89,305.23,0.96,41660.39,0.7,0.55,0.74,1.77,157.21,305.7,300.0,152.0,61.596,1,0,1,65.0
16,88405,39993.86,225.66,849.15,172.89,305.23,0.96,41660.39,0.7,0.55,0.74,1.77,157.21,305.7,434.0,234.0,61.596,1,0,1,65.0
17,88405,16988.45,147.07,572.67,102.13,220.23,0.95,17944.87,0.65,0.45,0.67,2.16,97.16,224.33,182.0,88.0,61.596,1,0,1,65.0
18,88405,22302.87,168.51,611.04,128.2,225.75,0.97,22997.55,0.75,0.56,0.75,1.76,123.05,226.2,199.0,112.0,61.596,1,0,1,65.0
19,88405,23498.31,172.97,682.5,107.28,285.75,0.97,24232.34,0.63,0.37,0.61,2.66,102.23,274.13,193.0,90.0,61.596,1,0,1,65.0
20,88405,20088.0,159.93,585.05,109.08,236.88,0.98,20426.0,0.74,0.46,0.68,2.17,105.52,234.31,143.0,89.0,61.596,1,0,1,65.0
21,88405,21151.82,164.11,631.13,106.26,259.51,0.96,21975.78,0.67,0.4,0.63,2.44,102.34,254.31,283.0,152.0,61.596,1,0,1,65.0
22,88405,21142.48,164.07,616.85,108.83,250.47,0.97,21760.83,0.7,0.43,0.66,2.3,106.1,243.54,259.0,128.0,61.596,1,0,1,65.0
23,88405,18921.38,155.21,564.14,117.78,211.11,0.98,19340.37,0.75,0.54,0.74,1.79,108.58,202.57,202.0,110.0,61.596,1,0,1,65.0
24,88405,10114.87,113.48,463.77,78.56,174.64,0.89,11418.56,0.59,0.42,0.65,2.22,82.37,173.85,234.0,137.0,61.596,1,0,1,65.0
25,88405,17597.45,149.69,601.51,86.63,262.42,0.97,18142.6,0.61,0.33,0.57,3.03,85.57,247.48,191.0,112.0,61.596,1,0,1,65.0
26,88405,6513.77,91.07,327.26,74.08,114.93,0.97,6738.06,0.76,0.63,0.79,1.55,70.04,119.22,132.0,81.0,61.596,1,0,1,65.0
27,88405,17993.07,151.36,572.41,120.93,199.17,0.95,19024.18,0.69,0.58,0.76,1.65,110.31,210.43,256.0,136.0,61.596,1,0,1,65.0
28,88405,26633.49,184.15,691.28,123.75,279.33,0.97,27417.29,0.7,0.43,0.66,2.26,116.78,271.26,224.0,75.0,61.596,1,0,1,65.0
29,88405,21658.57,166.06,625.32,115.39,247.88,0.98,22157.77,0.7,0.45,0.67,2.15,106.14,235.46,211.0,116.0,61.596,1,0,1,65.0
30,88405,16455.04,144.75,527.85,103.33,207.7,0.98,16876.48,0.74,0.49,0.7,2.01,96.54,202.76,205.0,74.0,61.596,1,0,1,65.0
31,88405,22823.37,170.47,635.23,114.43,260.93,0.98,23366.12,0.71,0.43,0.65,2.28,106.78,242.6,320.0,185.0,61.596,1,0,1,65.0
32,88405,13450.49,130.87,516.24,103.88,175.52,0.93,14448.89,0.63,0.56,0.75,1.69,93.34,178.36,146.0,75.0,61.596,1,0,1,65.0
33,88405,17607.4,149.73,561.53,97.28,234.56,0.98,17909.1,0.7,0.41,0.64,2.41,91.48,221.86,378.0,187.0,61.596,1,0,1,65.0
34,88405,29274.13,193.06,707.63,137.2,275.27,0.97,30071.93,0.73,0.49,0.7,2.01,130.82,268.03,251.0,145.0,61.596,1,0,1,65.0
35,88405,24790.64,177.66,686.19,118.2,276.04,0.97,25527.78,0.66,0.41,0.64,2.34,110.65,266.58,234.0,135.0,61.596,1,0,1,65.0
36,88411,19033.53,155.67,561.34,111.47,220.29,0.98,19327.11,0.76,0.5,0.71,1.98,105.3,219.73,132.0,103.0,66.718,1,0,0,70.0
37,88411,14412.76,135.47,499.17,90.11,205.91,0.99,14586.68,0.73,0.43,0.66,2.29,84.63,204.64,292.0,128.0,66.718,1,0,0,70.0
38,88411,10733.39,116.9,392.74,102.21,134.46,0.99,10880.18,0.87,0.76,0.87,1.32,108.97,145.81,119.0,89.0,66.718,1,0,0,70.0
39,88411,9413.85,109.48,428.26,69.19,178.55,0.96,9822.32,0.65,0.38,0.61,2.58,71.64,174.67,248.0,194.0,66.718,1,0,0,70.0
40,88411,11117.92,118.98,414.38,116.09,123.65,0.96,11577.44,0.81,0.93,0.96,1.07,115.45,133.04,218.0,161.0,66.718,1,0,0,70.0
41,88411,8864.98,106.24,391.36,72.23,159.02,0.98,9088.35,0.73,0.45,0.67,2.2,68.46,156.23,150.0,94.0,66.718,1,0,0,70.0
42,88411,13246.4,129.87,475.82,88.23,194.14,0.98,13503.29,0.74,0.45,0.67,2.2,83.37,189.81,377.0,197.0,66.718,1,0,0,70.0
43,88411,15769.0,141.7,523.57,97.05,209.98,0.98,16029.07,0.72,0.46,0.67,2.16,93.47,210.99,206.0,137.0,66.718,1,0,0,70.0
44,88411,11773.7,122.44,517.42,65.52,231.78,0.96,12245.98,0.55,0.28,0.53,3.54,64.33,218.89,288.0,220.0,66.718,1,0,0,70.0
45,88411,14374.47,135.29,487.89,95.54,192.85,0.98,14676.03,0.76,0.49,0.7,2.02,93.47,189.39,129.0,102.0,66.718,1,0,0,70.0
46,88411,17278.4,148.32,524.97,115.29,192.82,0.98,17680.49,0.79,0.59,0.77,1.67,110.18,193.65,114.0,98.0,66.718,1,0,0,70.0
47,88411,14159.07,134.27,477.33,101.86,178.35,0.98,14457.44,0.78,0.57,0.75,1.75,103.58,183.68,156.0,121.0,66.718,1,0,0,70.0
48,88411,7215.16,95.85,348.1,70.7,130.82,0.97,7441.73,0.75,0.54,0.73,1.85,69.47,134.5,140.0,77.0,66.718,1,0,0,70.0
49,88411,11034.95,118.53,429.79,83.49,169.3,0.98,11228.01,0.75,0.49,0.7,2.03,82.11,173.13,180.0,117.0,66.718,1,0,0,70.0
50,88411,7921.99,100.43,347.85,77.47,130.9,0.98,8043.26,0.82,0.59,0.77,1.69,74.53,132.93,122.0,102.0,66.718,1,0,0,70.0
51,88411,13725.07,132.19,501.57,84.32,209.13,0.98,13969.2,0.69,0.4,0.63,2.48,81.19,208.5,282.0,269.0,66.718,1,0,0,70.0
52,88411,4812.23,78.28,364.38,35.81,174.69,0.95,5043.59,0.46,0.2,0.45,4.88,36.29,165.45,296.0,172.0,66.718,1,0,0,70.0
53,132918,17557.63,149.52,541.59,106.31,212.4,0.98,17828.88,0.75,0.5,0.7,2.0,102.25,212.7,177.0,138.0,66.18,1,0,0,70.0
54,132918,11103.56,118.9,425.22,88.61,160.16,0.97,11433.84,0.77,0.55,0.74,1.81,89.85,163.51,215.0,212.0,66.18,1,0,0,70.0
55,132918,9814.34,111.79,400.39,82.82,153.72,0.97,10093.56,0.77,0.53,0.73,1.86,81.28,157.14,156.0,127.0,66.18,1,0,0,70.0
56,132918,16997.58,147.11,513.95,121.43,179.48,0.98,17302.34,0.81,0.67,0.82,1.48,139.16,193.74,67.0,56.0,66.18,1,0,0,70.0
57,132918,14899.41,137.73,531.94,85.41,225.23,0.98,15216.93,0.66,0.37,0.61,2.64,81.19,224.05,184.0,185.0,66.18,1,0,0,70.0
58,132918,12780.5,127.56,462.81,92.17,178.21,0.98,13061.32,0.75,0.51,0.72,1.93,89.45,172.5,195.0,181.0,66.18,1,0,0,70.0
59,132918,3395.37,65.75,232.02,66.22,66.55,0.95,3570.88,0.79,0.98,0.99,1.01,64.5,75.17,127.0,131.0,66.18,1,0,0,70.0
60,132918,13978.77,133.41,477.71,97.5,182.96,0.99,14184.6,0.77,0.53,0.73,1.88,101.05,188.32,155.0,147.0,66.18,1,0,0,70.0
61,132918,15275.97,139.46,490.09,113.86,172.16,0.98,15561.57,0.8,0.66,0.81,1.51,110.46,176.16,137.0,117.0,66.18,1,0,0,70.0
62,135969,123632.0,396.75,1508.85,320.15,510.47,0.93,133524.0,0.68,0.6,0.78,1.59,331.68,506.86,15.0,36.0,56.844,1,1,0,60.0
63,135969,84956.0,328.89,1166.69,272.67,400.88,0.98,86632.0,0.78,0.67,0.82,1.47,266.63,405.89,25.0,35.0,56.844,1,1,0,60.0
64,135969,18572.0,153.77,553.02,131.98,186.17,0.95,19616.0,0.76,0.68,0.83,1.41,130.0,185.83,9.0,12.0,56.844,1,1,0,60.0
65,135969,100170.76,357.13,1252.8,342.05,384.68,0.96,104539.78,0.8,0.86,0.93,1.12,336.73,399.25,63.0,129.0,56.844,1,1,0,60.0
66,135969,43072.0,234.18,907.98,163.51,343.69,0.97,44568.0,0.66,0.46,0.68,2.1,156.12,343.92,76.0,94.0,56.844,1,1,0,60.0
67,135969,51028.0,254.89,890.69,233.15,283.49,0.98,52256.0,0.81,0.81,0.9,1.22,240.6,302.5,28.0,39.0,56.844,1,1,0,60.0
68,135969,49140.0,250.13,883.26,207.48,306.44,0.98,50356.0,0.79,0.67,0.82,1.48,219.2,326.55,20.0,40.0,56.844,1,1,0,60.0
69,135969,68172.0,294.62,1150.94,238.79,392.58,0.93,72996.0,0.65,0.56,0.75,1.64,308.58,428.96,43.0,142.0,56.844,1,1,0,60.0
70,135969,34868.0,210.7,812.63,143.98,315.62,0.97,35844.0,0.66,0.45,0.67,2.19,148.27,324.02,32.0,84.0,56.844,1,1,0,60.0
71,135969,135888.0,415.95,1503.76,346.33,508.44,0.96,142192.0,0.76,0.67,0.82,1.47,361.05,526.31,19.0,42.0,56.844,1,1,0,60.0
72,135969,123612.0,396.72,1500.6,339.61,478.68,0.93,132448.0,0.69,0.69,0.83,1.41,360.69,495.36,23.0,50.0,56.844,1,1,0,60.0
73,135969,20649.73,162.15,546.17,145.26,182.44,0.98,21078.72,0.87,0.79,0.89,1.26,146.94,188.66,21.0,36.0,56.844,1,1,0,60.0
74,135969,88675.55,336.01,1194.87,278.95,409.1,0.97,91457.73,0.78,0.67,0.82,1.47,289.13,419.76,35.0,50.0,56.844,1,1,0,60.0
75,135969,88164.0,335.04,1227.43,333.08,356.58,0.94,93516.0,0.74,0.88,0.94,1.07,317.71,395.78,11.0,16.0,56.844,1,1,0,60.0
76,135969,12615.58,126.74,464.74,107.33,157.07,0.97,13065.39,0.73,0.65,0.81,1.46,109.64,159.16,45.0,92.0,56.844,1,1,0,60.0
77,135969,27763.43,188.01,871.96,135.64,330.67,0.85,32769.68,0.46,0.32,0.57,2.44,154.04,346.44,27.0,45.0,56.844,1,1,0,60.0
78,135969,47555.19,246.07,884.58,188.27,327.75,0.98,48675.55,0.76,0.56,0.75,1.74,209.57,339.56,16.0,37.0,56.844,1,1,0,60.0
79,135969,33848.4,207.6,740.16,194.26,228.61,0.95,35655.98,0.78,0.82,0.91,1.18,188.92,241.7,44.0,79.0,56.844,1,1,0,60.0
80,135969,34248.23,208.82,721.64,191.5,229.36,0.98,35018.74,0.83,0.83,0.91,1.2,196.84,243.61,16.0,39.0,56.844,1,1,0,60.0
81,137664,22985.77,171.07,702.47,105.55,282.76,0.96,23848.25,0.59,0.37,0.61,2.68,108.2,286.35,231.0,91.0,66.914,1,0,0,70.0
82,137664,28131.09,189.26,746.27,118.17,307.8,0.98,28739.03,0.63,0.38,0.61,2.6,114.42,302.0,414.0,117.0,66.914,1,0,0,70.0
83,137664,20267.66,160.64,607.05,108.42,240.93,0.98,20618.79,0.69,0.44,0.67,2.22,106.69,237.8,324.0,140.0,66.914,1,0,0,70.0
84,137664,7224.81,95.91,476.34,40.72,233.08,0.97,7446.4,0.4,0.17,0.41,5.72,39.56,210.97,504.0,442.0,66.914,1,0,0,70.0
85,137664,20715.38,162.41,707.09,84.86,322.16,0.97,21296.04,0.52,0.25,0.5,3.8,82.1,296.35,485.0,161.0,66.914,1,0,0,70.0
86,137664,7677.07,98.87,353.61,88.46,113.78,0.97,7895.25,0.77,0.76,0.87,1.29,83.39,124.76,535.0,234.0,66.914,1,0,0,70.0
87,137664,10613.36,116.25,734.65,38.86,359.9,0.96,11100.85,0.25,0.1,0.32,9.26,37.71,327.21,217.0,111.0,66.914,1,0,0,70.0
88,137664,12054.23,123.89,601.28,58.42,270.23,0.97,12442.86,0.42,0.21,0.46,4.63,55.34,257.57,325.0,75.0,66.914,1,0,0,70.0
89,137664,13965.55,133.35,601.12,66.9,276.07,0.96,14601.9,0.49,0.23,0.48,4.13,65.54,254.26,350.0,331.0,66.914,1,0,0,70.0
90,137664,13156.48,129.43,556.24,68.49,250.18,0.96,13758.74,0.53,0.27,0.52,3.65,67.87,240.5,351.0,119.0,66.914,1,0,0,70.0
91,137664,16646.16,145.58,724.39,63.42,342.38,0.97,17233.65,0.4,0.18,0.43,5.4,60.46,318.6,532.0,179.0,66.914,1,0,0,70.0
92,137664,16277.99,143.96,617.34,74.5,284.28,0.97,16754.11,0.54,0.26,0.51,3.82,70.6,268.11,273.0,164.0,66.914,1,0,0,70.0
93,137664,25068.67,178.66,728.85,108.17,305.19,0.98,25639.11,0.59,0.34,0.59,2.82,100.21,288.95,461.0,197.0,66.914,1,0,0,70.0
94,137664,22597.14,169.62,617.92,126.8,229.94,0.99,22936.91,0.74,0.54,0.74,1.81,121.02,233.79,419.0,98.0,66.914,1,0,0,70.0
95,137664,19707.45,158.41,616.84,101.11,252.38,0.98,20146.07,0.65,0.39,0.63,2.5,95.73,252.33,565.0,250.0,66.914,1,0,0,70.0
96,137664,19508.59,157.6,643.94,96.8,264.21,0.96,20227.89,0.59,0.36,0.6,2.73,92.86,257.7,246.0,64.0,66.914,1,0,0,70.0
97,137664,18375.66,152.96,636.78,85.32,279.31,0.97,18892.69,0.57,0.3,0.55,3.27,82.54,269.65,534.0,66.0,66.914,1,0,0,70.0
98,137664,21690.35,166.18,676.21,101.85,281.09,0.97,22269.88,0.6,0.35,0.59,2.76,93.94,265.62,262.0,98.0,66.914,1,0,0,70.0
99,137664,24617.55,177.04,711.82,110.04,288.95,0.98,25049.35,0.61,0.38,0.61,2.63,103.13,282.28,434.0,338.0,66.914,1,0,0,70.0
100,142821,13180.96,129.55,494.71,85.07,198.13,0.98,13386.36,0.68,0.43,0.65,2.33,84.4,201.26,106.0,38.0,65.66,1,0,0,70.0
101,142821,11962.52,123.41,433.03,95.03,160.77,0.98,12157.78,0.8,0.59,0.77,1.69,94.31,161.05,80.0,26.0,65.66,1,0,0,70.0
102,142821,10027.73,112.99,398.0,87.77,146.35,0.98,10182.41,0.8,0.6,0.77,1.67,87.51,152.24,73.0,30.0,65.66,1,0,0,70.0
103,142821,8521.48,104.16,375.48,77.45,141.24,0.97,8744.62,0.76,0.54,0.74,1.82,80.98,145.62,122.0,36.0,65.66,1,0,0,70.0
104,142821,9586.5,110.48,419.32,71.29,172.71,0.98,9821.06,0.69,0.41,0.64,2.42,70.0,167.7,157.0,54.0,65.66,1,0,0,70.0
105,142821,5380.92,82.77,301.0,58.5,119.16,0.98,5482.35,0.75,0.48,0.69,2.04,57.4,119.4,267.0,184.0,65.66,1,0,0,70.0
106,142821,10760.57,117.05,405.19,94.61,145.29,0.98,10925.39,0.82,0.65,0.81,1.54,95.78,148.12,101.0,31.0,65.66,1,0,0,70.0
107,142821,10169.73,113.79,407.24,85.43,153.68,0.98,10377.66,0.77,0.55,0.74,1.8,83.33,154.67,128.0,48.0,65.66,1,0,0,70.0
108,142821,5557.15,84.12,301.23,61.92,115.0,0.98,5673.8,0.77,0.54,0.73,1.86,62.77,116.89,87.0,21.0,65.66,1,0,0,70.0
109,142821,10518.4,115.73,405.42,88.65,151.36,0.98,10687.03,0.8,0.58,0.76,1.71,90.14,153.12,83.0,24.0,65.66,1,0,0,70.0
110,142821,8395.95,103.39,378.39,71.1,150.75,0.99,8507.53,0.74,0.47,0.69,2.12,72.51,154.76,191.0,95.0,65.66,1,0,0,70.0
111,142821,7704.96,99.05,383.67,62.97,157.96,0.97,7904.01,0.66,0.39,0.63,2.51,63.27,156.71,294.0,189.0,65.66,1,0,0,70.0
112,142821,5869.05,86.44,325.07,59.37,128.03,0.96,6118.83,0.7,0.46,0.68,2.16,60.9,128.37,72.0,27.0,65.66,1,0,0,70.0
113,142821,7798.78,99.65,345.16,82.0,121.78,0.98,7940.78,0.82,0.67,0.82,1.49,81.48,124.92,96.0,35.0,65.66,1,0,0,70.0
114,142821,8805.48,105.88,377.73,77.52,144.93,0.98,8943.68,0.78,0.53,0.73,1.87,79.28,149.42,116.0,51.0,65.66,1,0,0,70.0
115,142821,9975.74,112.7,397.39,89.13,143.91,0.98,10186.21,0.79,0.61,0.78,1.61,94.36,151.0,173.0,98.0,65.66,1,0,0,70.0
116,142821,9093.29,107.6,376.91,81.08,143.28,0.98,9240.37,0.8,0.56,0.75,1.77,79.46,144.0,89.0,41.0,65.66,1,0,0,70.0
117,142926,12774.55,127.53,534.76,74.07,225.94,0.96,13254.84,0.56,0.32,0.56,3.05,69.67,219.57,4774.0,208.0,64.02,1,0,1,65.0
118,142926,10820.6,117.38,460.68,72.76,193.03,0.97,11119.3,0.64,0.37,0.61,2.65,69.91,185.85,1127.0,82.0,64.02,1,0,1,65.0
119,142926,9755.81,111.45,427.56,71.48,175.52,0.98,9956.27,0.67,0.4,0.63,2.46,68.74,168.8,1823.0,80.0,64.02,1,0,1,65.0
120,142926,9160.4,108.0,428.02,72.46,166.78,0.95,9658.56,0.63,0.42,0.65,2.3,68.61,167.32,3809.0,152.0,64.02,1,0,1,65.0
121,142926,6003.73,87.43,325.24,59.38,129.13,0.98,6133.73,0.71,0.46,0.68,2.17,59.06,129.2,1776.0,78.0,64.02,1,0,1,65.0
122,142926,7250.12,96.08,389.86,57.29,164.7,0.98,7431.72,0.6,0.34,0.58,2.87,55.48,157.88,2811.0,107.0,64.02,1,0,1,65.0
123,142926,9837.18,111.92,556.82,49.78,255.82,0.97,10175.58,0.4,0.19,0.44,5.14,50.4,242.57,698.0,485.0,64.02,1,0,1,65.0
124,142926,11058.77,118.66,460.08,80.37,179.11,0.97,11365.41,0.66,0.44,0.66,2.23,76.69,171.99,4000.0,172.0,64.02,1,0,1,65.0
125,142926,15685.11,141.32,537.32,96.05,211.89,0.98,16018.54,0.68,0.44,0.67,2.21,90.64,202.8,3576.0,157.0,64.02,1,0,1,65.0
126,142926,22964.01,170.99,692.52,99.08,300.1,0.98,23443.32,0.6,0.32,0.57,3.03,93.24,285.46,3775.0,126.0,64.02,1,0,1,65.0
127,142926,14167.81,134.31,484.13,97.3,186.42,0.99,14371.24,0.76,0.52,0.72,1.92,94.27,183.01,2103.0,88.0,64.02,1,0,1,65.0
128,142926,15663.28,141.22,509.87,104.37,191.86,0.98,15971.9,0.76,0.54,0.74,1.84,103.36,192.54,4061.0,124.0,64.02,1,0,1,65.0
129,142926,7910.04,100.36,428.48,54.64,187.15,0.97,8115.45,0.54,0.29,0.54,3.43,52.58,177.23,3392.0,101.0,64.02,1,0,1,65.0
130,142974,16184.88,143.55,563.46,86.85,240.05,0.97,16678.41,0.64,0.36,0.6,2.76,83.86,233.87,115.0,131.0,66.8,1,0,0,70.0
131,142974,36641.94,216.0,874.94,132.78,361.1,0.97,37715.28,0.6,0.36,0.6,2.72,124.1,336.83,112.0,126.0,66.8,1,0,0,70.0
132,142974,16013.82,142.79,643.1,73.61,284.5,0.97,16522.48,0.49,0.25,0.5,3.86,69.86,268.49,98.0,109.0,66.8,1,0,0,70.0
133,142974,24915.43,178.11,682.57,132.65,242.96,0.96,26047.81,0.67,0.54,0.73,1.83,129.38,250.23,78.0,77.0,66.8,1,0,0,70.0
134,142974,27655.55,187.65,675.19,135.3,261.08,0.98,28108.2,0.76,0.52,0.72,1.93,134.16,262.64,101.0,67.0,66.8,1,0,0,70.0
135,142974,25097.09,178.76,738.28,102.75,313.9,0.97,25817.7,0.58,0.32,0.57,3.05,99.85,310.07,184.0,130.0,66.8,1,0,0,70.0
136,142974,10899.93,117.81,449.72,85.91,165.93,0.95,11420.71,0.68,0.5,0.71,1.93,100.87,182.2,117.0,99.0,66.8,1,0,0,70.0
137,142974,10934.75,117.99,430.1,84.33,166.53,0.98,11154.26,0.74,0.5,0.71,1.97,84.35,169.86,180.0,166.0,66.8,1,0,0,70.0
138,142974,8249.13,102.48,379.39,74.67,141.61,0.97,8489.84,0.72,0.52,0.72,1.9,74.56,149.39,154.0,132.0,66.8,1,0,0,70.0
139,142974,20560.0,161.8,613.92,105.27,249.85,0.98,21055.03,0.69,0.42,0.65,2.37,105.46,251.3,162.0,167.0,66.8,1,0,0,70.0
140,142974,25814.67,181.3,670.67,125.62,263.85,0.99,26153.78,0.72,0.47,0.69,2.1,126.44,270.98,128.0,126.0,66.8,1,0,0,70.0
141,143445,4961.55,79.48,288.57,62.4,102.44,0.97,5129.13,0.75,0.6,0.78,1.64,67.3,109.32,655.5013125,828.4611893,49.199,1,1,1,50.0
142,143445,5728.88,85.41,297.5,77.39,96.33,0.97,5876.95,0.81,0.79,0.89,1.24,73.92,98.87,134.8570486,127.4851528,49.199,1,1,1,50.0
143,143445,7280.76,96.28,351.84,73.12,127.69,0.97,7503.44,0.74,0.57,0.75,1.75,80.25,130.61,640.8424365,929.5091928,49.199,1,1,1,50.0
144,143445,5655.99,84.86,289.87,74.58,97.15,0.98,5750.69,0.85,0.76,0.87,1.3,78.79,101.98,344.2844893,355.4819483,49.199,1,1,1,50.0
145,143445,4224.63,73.34,271.28,55.71,98.36,0.95,4458.22,0.72,0.56,0.75,1.77,58.93,99.07,454.5043706,574.4793518,49.199,1,1,1,50.0
146,143445,4063.36,71.93,266.11,62.89,88.03,0.95,4267.68,0.72,0.67,0.82,1.4,66.89,91.37,250.0407747,159.9811173,49.199,1,1,1,50.0
147,143445,7194.1,95.71,364.45,72.27,131.63,0.96,7485.65,0.68,0.53,0.73,1.82,65.78,133.78,132.1131939,109.4922126,49.199,1,1,1,50.0
148,143445,3098.6,62.81,248.34,41.7,98.62,0.97,3185.26,0.63,0.41,0.64,2.36,44.63,101.1,449.6183282,532.0322495,49.199,1,1,1,50.0
149,143445,4885.79,78.87,270.1,67.42,92.71,0.98,4986.8,0.84,0.72,0.85,1.38,71.21,95.61,454.8570735,459.6481926,49.199,1,1,1,50.0
150,143445,5720.84,85.35,297.22,71.59,102.57,0.97,5868.92,0.81,0.69,0.83,1.43,73.05,103.16,294.0436319,281.9549843,49.199,1,1,1,50.0
151,143445,14483.58,135.8,476.73,124.71,152.3,0.98,14790.55,0.8,0.8,0.89,1.22,123.61,158.75,243.9967445,168.8093954,49.199,1,1,1,50.0
152,143445,4201.68,73.14,255.58,58.16,92.51,0.98,4281.45,0.81,0.63,0.79,1.59,63.75,96.36,288.1477621,270.5571045,49.199,1,1,1,50.0
153,143445,9166.67,108.03,386.13,89.36,132.57,0.97,9463.38,0.77,0.66,0.81,1.48,110.88,144.87,360.7082722,418.3599956,49.199,1,1,1,50.0
154,143445,11321.17,120.06,439.99,101.07,147.51,0.96,11757.92,0.73,0.66,0.81,1.46,117.89,165.71,457.9269505,554.5209132,49.199,1,1,1,50.0
155,143445,14326.98,135.06,525.86,97.51,193.05,0.94,15177.79,0.65,0.49,0.7,1.98,95.34,193.16,561.0704489,663.9215022,49.199,1,1,1,50.0
156,143445,10666.52,116.54,476.6,69.81,197.28,0.94,11301.37,0.59,0.35,0.59,2.83,74.36,196.3,775.0390304,843.20088,49.199,1,1,1,50.0
157,143445,13376.11,130.5,515.03,84.8,202.47,0.96,13897.9,0.63,0.42,0.64,2.39,90.23,209.58,675.5278657,970.9352277,49.199,1,1,1,50.0
158,143445,7619.99,98.5,380.32,67.28,146.04,0.97,7820.11,0.66,0.45,0.67,2.17,67.02,151.13,377.4386796,440.1960127,49.199,1,1,1,50.0
159,143445,9592.97,110.52,380.35,99.93,122.92,0.98,9739.39,0.83,0.81,0.9,1.23,108.6,127.55,104.9787295,61.97779902,49.199,1,1,1,50.0
160,143445,11681.84,121.96,454.47,95.96,161.41,0.97,12032.34,0.71,0.57,0.76,1.68,104.21,175.44,642.0602197,544.1344352,49.199,1,1,1,50.0
161,143445,20999.49,163.52,627.14,109.14,249.36,0.97,21548.42,0.67,0.43,0.66,2.28,103.06,243.07,144.9330469,138.8841061,49.199,1,1,1,50.0
162,143445,22965.12,171.0,643.53,125.6,241.82,0.98,23550.23,0.7,0.5,0.71,1.93,138.35,249.23,296.0330734,313.4451981,49.199,1,1,1,50.0
163,143450,6974.49,94.23,340.19,86.31,111.51,0.98,7108.15,0.76,0.71,0.85,1.29,88.69,114.96,1829.103425,6824.165929,50.1,0,1,1,55.0
164,143450,4947.51,79.37,276.93,70.17,90.74,0.97,5076.9,0.81,0.77,0.87,1.29,67.72,92.31,182.9462083,503.8517192,50.1,0,1,1,55.0
165,143450,13151.86,129.4,464.56,115.1,148.26,0.97,13573.61,0.77,0.76,0.87,1.29,110.24,154.79,1298.858712,6131.921822,50.1,0,1,1,55.0
166,143450,11879.88,122.99,436.15,107.93,141.89,0.97,12297.97,0.78,0.75,0.87,1.31,123.93,152.51,414.9512624,1151.551616,50.1,0,1,1,55.0
167,143450,11997.68,123.6,472.05,98.21,160.95,0.96,12543.33,0.68,0.59,0.77,1.64,91.56,168.25,1471.774929,4234.544648,50.1,0,1,1,55.0
168,143450,11470.95,120.85,419.34,109.1,136.12,0.98,11647.95,0.82,0.79,0.89,1.25,106.39,144.06,2096.879799,7003.855925,50.1,0,1,1,55.0
169,143450,14283.45,134.86,617.78,71.4,265.21,0.98,14639.89,0.47,0.26,0.51,3.71,73.35,265.08,690.1646098,2127.651844,50.1,0,1,1,55.0
170,143450,10672.0,116.57,445.29,85.18,163.79,0.96,11093.75,0.68,0.51,0.71,1.92,84.13,168.3,912.8199862,3275.905221,50.1,0,1,1,55.0
171,143450,6665.04,92.12,359.52,60.59,143.2,0.96,6909.79,0.65,0.41,0.64,2.36,59.48,146.3,1721.770085,8873.129912,50.1,0,1,1,55.0
172,143450,3880.0,70.29,251.47,53.83,94.09,0.98,3958.13,0.77,0.56,0.75,1.75,50.0,92.02,863.8376922,2476.413544,50.1,0,1,1,55.0
173,143450,4234.62,73.43,313.17,48.82,118.06,0.93,4559.94,0.54,0.39,0.62,2.42,47.96,122.73,210.1797614,553.8555293,50.1,0,1,1,55.0
174,143450,4243.77,73.51,295.18,47.25,120.95,0.96,4411.01,0.61,0.37,0.61,2.56,47.52,120.06,625.0870894,2357.824462,50.1,0,1,1,55.0
175,143450,11408.69,120.52,423.07,113.1,129.82,0.97,11793.21,0.8,0.86,0.93,1.15,112.68,136.69,519.9353631,2732.545873,50.1,0,1,1,55.0
176,143450,3766.48,69.25,310.67,39.04,128.5,0.93,4037.48,0.49,0.29,0.54,3.29,38.22,119.66,1497.725163,1257.406154,50.1,0,1,1,55.0
177,143450,9628.3,110.72,491.79,65.02,193.84,0.93,10354.0,0.5,0.33,0.57,2.98,69.15,198.78,582.5553159,2102.686541,50.1,0,1,1,55.0
178,156602,18432.16,153.19,622.3,87.3,276.72,0.98,18782.51,0.6,0.31,0.55,3.17,81.17,257.96,682.0,308.0,59.879,1,1,0,60.0
179,156602,9902.58,112.29,429.59,73.88,175.93,0.95,10379.81,0.67,0.41,0.64,2.38,74.31,170.6,886.0,3470.0,59.879,1,1,0,60.0
180,156602,10501.01,115.63,448.85,76.06,181.2,0.97,10864.62,0.65,0.41,0.64,2.38,71.35,172.6,6307.0,15560.0,59.879,1,1,0,60.0
181,156602,14534.76,136.04,510.05,102.68,183.53,0.96,15108.58,0.7,0.55,0.74,1.79,100.45,191.03,2547.0,7886.0,59.879,1,1,0,60.0
182,156602,13595.45,131.57,540.52,84.81,211.29,0.96,14127.6,0.58,0.39,0.62,2.49,90.61,234.36,1652.0,5103.0,59.879,1,1,0,60.0
183,156602,14849.13,137.5,509.3,106.8,179.91,0.97,15362.34,0.72,0.58,0.76,1.68,107.9,197.18,5245.0,8607.0,59.879,1,1,0,60.0
184,156602,9832.51,111.89,451.61,66.32,194.3,0.97,10162.02,0.61,0.33,0.58,2.93,62.92,190.93,5923.0,14328.0,59.879,1,1,0,60.0
185,156602,28988.09,192.12,711.55,134.99,276.93,0.98,29613.04,0.72,0.48,0.69,2.05,137.61,278.07,1299.0,5169.0,59.879,1,1,0,60.0
186,156602,43003.96,234.0,993.62,134.11,423.38,0.95,45041.66,0.55,0.31,0.55,3.16,135.9,406.79,6644.0,29075.0,59.879,1,1,0,60.0
187,156602,35050.08,211.25,850.39,122.81,373.07,0.98,35822.74,0.61,0.32,0.57,3.04,113.83,352.48,4042.0,15396.0,59.879,1,1,0,60.0
188,156602,3658.78,68.25,320.33,33.85,145.93,0.91,4007.24,0.45,0.22,0.47,4.31,34.83,136.87,2589.0,3230.0,59.879,1,1,0,60.0
189,156602,5124.57,80.78,286.21,64.78,103.29,0.97,5289.33,0.79,0.61,0.78,1.59,60.55,100.18,3359.0,11666.0,59.879,1,1,0,60.0
190,156602,4704.15,77.39,296.64,50.86,122.75,0.98,4802.63,0.67,0.4,0.63,2.41,46.79,113.59,4903.0,6676.0,59.879,1,1,0,60.0
221,169038,44798.86,238.83,961.51,141.97,404.33,0.98,45536.89,0.61,0.35,0.59,2.85,136.14,397.47,93.0,30.0,67.32,1,0,0,70.0
222,169038,95404.11,348.53,1328.14,229.63,531.19,0.99,96231.01,0.68,0.43,0.66,2.31,226.09,549.02,151.0,48.0,67.32,1,0,0,70.0
223,169038,10105.08,113.43,413.32,80.75,160.29,0.97,10373.19,0.74,0.5,0.71,1.99,78.87,158.93,164.0,74.0,67.32,1,0,0,70.0
224,169038,16875.45,146.58,579.26,91.52,237.85,0.97,17404.12,0.63,0.38,0.62,2.6,94.5,244.48,116.0,38.0,67.32,1,0,0,70.0
225,169038,16387.44,144.45,536.32,98.06,213.64,0.99,16629.94,0.72,0.46,0.68,2.18,97.54,215.36,128.0,27.0,67.32,1,0,0,70.0
226,169038,23465.06,172.85,635.13,122.69,246.76,0.98,23880.77,0.73,0.49,0.7,2.01,121.5,255.63,208.0,32.0,67.32,1,0,0,70.0
227,169038,20668.05,162.22,613.85,109.88,242.9,0.98,21142.51,0.69,0.45,0.67,2.21,112.61,242.62,100.0,24.0,67.32,1,0,0,70.0
228,169038,24653.45,177.17,661.07,119.1,267.5,0.99,25017.95,0.71,0.44,0.66,2.25,115.58,263.78,187.0,49.0,67.32,1,0,0,70.0
229,169038,26632.6,184.15,678.34,130.2,263.16,0.98,27049.82,0.73,0.49,0.7,2.02,125.18,270.78,157.0,37.0,67.32,1,0,0,70.0
230,169038,16390.45,144.46,525.09,102.95,203.38,0.98,16646.5,0.75,0.5,0.71,1.98,103.11,205.4,222.0,46.0,67.32,1,0,0,70.0
231,169038,15122.23,138.76,512.34,95.43,203.31,0.98,15441.55,0.72,0.47,0.68,2.13,93.27,207.62,271.0,120.0,67.32,1,0,0,70.0
232,169038,9324.87,108.96,406.95,75.18,159.8,0.97,9567.37,0.71,0.46,0.68,2.13,76.09,167.29,228.0,89.0,67.32,1,0,0,70.0
233,169038,16459.74,144.77,535.03,96.83,218.06,0.98,16741.39,0.72,0.44,0.66,2.25,94.84,219.45,157.0,79.0,67.32,1,0,0,70.0
234,169038,19094.08,155.92,595.77,107.55,229.48,0.95,20015.87,0.68,0.46,0.68,2.13,107.5,226.18,183.0,29.0,67.32,1,0,0,70.0
235,169038,15346.65,139.79,534.24,94.52,209.17,0.97,15762.37,0.68,0.45,0.67,2.21,92.55,210.59,180.0,83.0,67.32,1,0,0,70.0
236,169038,7053.53,94.77,350.17,73.61,125.72,0.97,7286.99,0.72,0.57,0.75,1.71,72.61,131.18,189.0,82.0,67.32,1,0,0,70.0
237,169038,22838.49,170.53,613.65,124.65,234.49,0.98,23196.96,0.76,0.53,0.73,1.88,123.23,237.94,192.0,27.0,67.32,1,0,0,70.0
238,169038,22849.03,170.56,613.68,121.81,239.48,0.99,23162.32,0.76,0.51,0.71,1.97,120.27,244.34,181.0,59.0,67.32,1,0,0,70.0
239,178024,56339.58,267.83,1278.24,125.01,588.97,0.96,58714.66,0.43,0.21,0.45,4.71,119.19,559.26,176.0,153.0,64.15,1,0,0,65.0
240,178024,17600.26,149.7,635.49,81.54,285.38,0.98,17963.51,0.55,0.28,0.52,3.5,73.08,266.62,197.0,140.0,64.15,1,0,0,65.0
241,178024,19357.33,156.99,647.26,99.67,257.96,0.95,20386.26,0.58,0.37,0.61,2.59,94.11,263.13,120.0,104.0,64.15,1,0,0,65.0
242,178024,50897.44,254.57,961.3,164.03,400.84,0.99,51569.69,0.69,0.4,0.64,2.44,152.95,404.37,161.0,135.0,64.15,1,0,0,65.0
243,178024,6086.46,88.03,386.41,43.33,182.71,0.98,6213.02,0.51,0.23,0.48,4.22,39.74,170.47,177.0,104.0,64.15,1,0,0,65.0
244,178024,10042.74,113.08,430.29,71.61,181.27,0.98,10284.35,0.68,0.39,0.62,2.53,68.22,176.56,171.0,249.0,64.15,1,0,0,65.0
245,178024,7871.47,100.11,390.27,61.08,166.38,0.97,8096.65,0.65,0.36,0.6,2.72,58.42,160.67,204.0,255.0,64.15,1,0,0,65.0
246,178024,9104.21,107.67,409.59,76.8,156.51,0.97,9426.36,0.68,0.47,0.69,2.04,72.34,156.22,157.0,142.0,64.15,1,0,0,65.0
247,178024,8341.55,103.06,395.29,70.83,156.55,0.97,8570.02,0.67,0.43,0.66,2.21,65.38,159.76,125.0,160.0,64.15,1,0,0,65.0
248,178024,12317.55,125.23,509.28,79.12,206.58,0.97,12733.4,0.6,0.37,0.61,2.61,73.62,205.55,206.0,238.0,64.15,1,0,0,65.0
249,178024,12467.13,125.99,464.86,86.45,186.63,0.98,12764.63,0.72,0.46,0.68,2.16,84.5,186.57,166.0,142.0,64.15,1,0,0,65.0
250,178024,12322.49,125.26,444.61,89.63,177.74,0.98,12521.37,0.78,0.5,0.7,1.98,87.18,175.08,192.0,168.0,64.15,1,0,0,65.0
251,178024,9367.19,109.21,418.53,68.63,176.45,0.96,9766.6,0.67,0.38,0.62,2.57,68.48,172.48,250.0,340.0,64.15,1,0,0,65.0
252,178024,15917.16,142.36,537.41,98.05,211.73,0.97,16420.12,0.69,0.45,0.67,2.16,91.25,213.3,193.0,203.0,64.15,1,0,0,65.0
253,178024,21033.86,163.65,615.77,113.38,239.32,0.97,21688.03,0.7,0.47,0.68,2.11,110.31,244.25,240.0,202.0,64.15,1,0,0,65.0
254,178024,15031.23,138.34,528.34,88.99,217.92,0.97,15427.35,0.68,0.4,0.63,2.45,85.9,208.73,419.0,270.0,64.15,1,0,0,65.0
255,178024,9792.9,111.66,423.91,73.38,172.67,0.97,10072.32,0.68,0.42,0.65,2.35,70.22,164.31,165.0,211.0,64.15,1,0,0,65.0
256,178024,15548.98,140.7,611.27,77.65,262.22,0.96,16203.16,0.52,0.29,0.54,3.38,72.58,251.25,132.0,117.0,64.15,1,0,0,65.0
257,178024,17812.29,150.6,568.54,102.54,225.01,0.98,18196.91,0.69,0.45,0.67,2.19,97.16,217.52,321.0,228.0,64.15,1,0,0,65.0
258,178024,33763.97,207.34,888.67,113.39,388.61,0.96,35049.31,0.54,0.28,0.53,3.43,107.24,372.6,100.0,54.0,64.15,1,0,0,65.0
259,178024,13379.36,130.52,493.6,87.99,196.43,0.95,14017.09,0.69,0.44,0.66,2.23,88.65,195.82,171.0,150.0,64.15,1,0,0,65.0
260,178024,11490.8,120.96,542.35,60.01,249.1,0.96,11957.59,0.49,0.24,0.49,4.15,58.25,230.27,177.0,195.0,64.15,1,0,0,65.0
261,178024,18768.9,154.59,584.62,105.52,235.71,0.98,19186.39,0.69,0.43,0.66,2.23,100.0,232.49,175.0,163.0,64.15,1,0,0,65.0
262,178141,42426.22,232.42,927.26,147.81,372.59,0.94,44960.94,0.62,0.39,0.62,2.52,151.8,364.11,455.0,756.0,62.028,1,0,0,65.0
263,178141,36111.11,214.43,873.55,136.24,346.37,0.95,38038.19,0.59,0.38,0.62,2.54,134.49,331.1,257.0,371.0,62.028,1,0,0,65.0
264,178141,46979.17,244.57,939.05,164.98,371.2,0.96,49058.16,0.67,0.43,0.66,2.25,161.36,368.05,324.0,487.0,62.028,1,0,0,65.0
265,178141,29027.78,192.25,810.37,111.01,341.78,0.96,30086.81,0.56,0.32,0.56,3.08,117.82,342.13,536.0,1179.0,62.028,1,0,0,65.0
266,178141,19995.66,159.56,742.92,73.88,352.84,0.96,20742.19,0.46,0.2,0.45,4.78,72.44,329.96,401.0,652.0,62.028,1,0,0,65.0
267,178141,69092.04,296.6,1744.64,232.64,444.84,0.85,81378.59,0.29,0.44,0.67,1.91,267.67,458.35,471.0,874.0,62.028,1,0,0,65.0
268,178141,32339.41,202.92,778.31,165.45,263.96,0.94,34327.26,0.67,0.59,0.77,1.6,154.44,283.49,486.0,894.0,62.028,1,0,0,65.0
269,178141,17881.94,150.89,956.31,50.89,465.48,0.88,20212.67,0.25,0.11,0.32,9.15,55.74,430.42,233.0,303.0,62.028,1,0,0,65.0
270,178141,27152.78,185.94,817.12,103.31,349.38,0.94,28875.87,0.51,0.28,0.53,3.38,101.26,348.67,145.0,182.0,62.028,1,0,0,65.0
271,178141,34496.53,209.58,886.43,131.95,346.77,0.94,36566.84,0.55,0.37,0.6,2.63,131.67,346.23,364.0,566.0,62.028,1,0,0,65.0
272,178155,4746.39,77.74,320.82,51.79,121.72,0.92,5158.22,0.58,0.41,0.64,2.35,51.04,116.39,1315.0,2984.0,49.157,1,0,1,50.0
273,178155,7028.35,94.6,370.98,64.02,142.35,0.96,7306.12,0.64,0.44,0.66,2.22,61.02,139.11,760.0,1021.0,49.157,1,0,1,50.0
274,178155,8513.05,104.11,377.81,93.39,119.48,0.96,8826.93,0.75,0.76,0.87,1.28,89.17,126.77,290.0,265.0,49.157,1,0,1,50.0
275,178155,7320.01,96.54,475.0,45.75,211.63,0.93,7901.25,0.41,0.21,0.46,4.63,44.05,205.94,527.0,518.0,49.157,1,0,1,50.0
276,178155,3359.66,65.4,253.49,64.6,69.73,0.9,3723.55,0.66,0.88,0.94,1.08,64.85,80.28,97.0,48.0,49.157,1,0,1,50.0
277,178155,20180.21,160.29,608.61,124.97,211.44,0.95,21155.88,0.68,0.57,0.76,1.69,122.25,223.27,1070.0,2129.0,49.157,1,0,1,50.0
278,178155,8634.57,104.85,383.66,103.56,109.54,0.96,8956.09,0.74,0.92,0.96,1.06,99.4,129.52,236.0,200.0,49.157,1,0,1,50.0
279,178155,7907.11,100.34,411.41,64.59,163.29,0.94,8413.9,0.59,0.38,0.61,2.53,64.08,158.38,1329.0,2747.0,49.157,1,0,1,50.0
280,178155,3753.09,69.13,271.3,48.47,102.74,0.96,3918.38,0.64,0.45,0.67,2.12,45.11,97.58,526.0,568.0,49.157,1,0,1,50.0
281,178155,2777.45,59.47,202.21,49.37,72.77,0.98,2826.35,0.85,0.67,0.82,1.47,47.0,71.66,1194.0,3542.0,49.157,1,0,1,50.0
282,178155,12956.17,128.44,633.55,63.08,274.39,0.92,14016.73,0.41,0.22,0.47,4.35,65.77,264.6,211.0,146.0,49.157,1,0,1,50.0
283,178155,8547.92,104.32,420.01,72.25,156.98,0.97,8804.79,0.61,0.44,0.66,2.17,65.68,147.04,1461.0,2733.0,49.157,1,0,1,50.0
284,178155,8899.83,106.45,415.97,72.57,159.29,0.95,9362.63,0.65,0.45,0.67,2.2,72.98,160.2,752.0,864.0,49.157,1,0,1,50.0
285,178155,5492.27,83.62,345.11,56.15,130.22,0.92,5972.12,0.58,0.41,0.64,2.32,58.65,127.35,753.0,1028.0,49.157,1,0,1,50.0
286,178164,26199.27,182.64,677.5,177.65,195.04,0.96,27255.46,0.72,0.88,0.94,1.1,166.69,228.67,52.0,35.0,55.698,1,1,0,60.0
287,178164,66586.04,291.17,1085.42,225.64,383.42,0.96,69611.99,0.71,0.58,0.76,1.7,224.44,393.84,87.0,97.0,55.698,1,1,0,60.0
288,178164,37273.67,217.85,778.97,169.09,281.89,0.97,38322.06,0.77,0.6,0.77,1.67,169.51,283.71,66.0,65.0,55.698,1,1,0,60.0
289,178164,19477.11,157.48,656.16,100.49,254.18,0.95,20444.85,0.57,0.38,0.62,2.53,100.48,255.02,253.0,360.0,55.698,1,1,0,60.0
290,178164,32088.97,202.13,728.85,172.57,241.47,0.95,33610.82,0.76,0.7,0.84,1.4,169.97,240.37,164.0,199.0,55.698,1,1,0,60.0
291,178164,155399.34,444.82,1647.91,329.16,608.09,0.97,159536.41,0.72,0.54,0.73,1.85,321.57,609.86,83.0,89.0,55.698,1,1,0,60.0
292,178164,60062.99,276.54,1155.64,203.67,391.03,0.93,64719.07,0.57,0.5,0.71,1.92,204.52,388.32,94.0,101.0,55.698,1,1,0,60.0
293,178164,28359.79,190.02,681.98,168.36,218.39,0.96,29448.22,0.77,0.76,0.87,1.3,174.68,232.01,51.0,51.0,55.698,1,1,0,60.0
294,178164,49735.45,251.64,978.65,184.11,362.53,0.97,51292.52,0.65,0.48,0.69,1.97,183.66,349.18,242.0,302.0,55.698,1,1,0,60.0
295,178170,16853.7,146.49,512.23,132.48,164.56,0.98,17180.91,0.81,0.79,0.89,1.24,129.66,168.6,1085.0,958.0,54.516,1,1,0,55.0
296,178170,20759.68,162.58,615.06,135.42,204.28,0.93,22244.68,0.69,0.63,0.8,1.51,138.12,221.17,1097.214297,917.9155286,54.516,1,1,0,55.0
297,178170,26492.7,183.66,627.92,160.76,211.47,0.99,26803.68,0.84,0.75,0.87,1.32,156.04,216.19,1026.0,851.0,54.516,1,1,0,55.0
298,178170,23416.71,172.67,644.15,140.14,222.09,0.98,23979.18,0.71,0.6,0.78,1.58,165.24,235.79,1038.0,825.0,54.516,1,1,0,55.0
299,178170,13171.98,129.5,490.45,86.51,195.8,0.97,13531.64,0.69,0.44,0.66,2.26,87.91,199.11,784.7134527,305.638095,54.516,1,1,0,55.0
300,178185,51172.63,255.25,1040.56,173.57,388.0,0.95,54102.27,0.59,0.43,0.66,2.24,177.61,411.32,664.0,1907.0,50.363,1,1,1,55.0
301,178185,25088.0,178.73,688.82,114.95,282.64,0.97,25892.0,0.66,0.4,0.63,2.46,111.29,267.47,323.0,458.0,50.363,1,1,1,55.0
302,178185,51999.23,257.31,946.95,241.27,285.81,0.94,55347.94,0.73,0.81,0.9,1.18,239.72,326.84,545.0,1633.0,50.363,1,1,1,55.0
303,178185,51733.95,256.65,1105.99,171.77,420.37,0.91,56720.49,0.53,0.37,0.61,2.45,184.36,412.23,619.0,1619.0,50.363,1,1,1,55.0
304,178185,39930.8,225.48,817.45,169.62,304.94,0.98,40738.18,0.75,0.55,0.74,1.8,160.83,305.13,601.0,1465.0,50.363,1,1,1,55.0
305,178185,17336.0,148.57,631.98,82.11,276.9,0.97,17824.0,0.55,0.29,0.54,3.37,79.92,258.94,563.0,1301.0,50.363,1,1,1,55.0
306,178185,16700.0,145.82,605.02,83.36,259.66,0.95,17520.0,0.57,0.32,0.56,3.11,83.9,247.11,411.0,918.0,50.363,1,1,1,55.0
307,178185,13596.0,131.57,518.84,90.61,202.56,0.92,14740.0,0.63,0.42,0.65,2.24,101.82,200.45,699.0,1941.0,50.363,1,1,1,55.0
308,178185,34951.94,210.96,824.94,155.42,296.15,0.95,36920.42,0.65,0.51,0.71,1.91,157.48,302.58,896.0,3456.0,50.363,1,1,1,55.0
309,178185,18173.78,152.12,570.94,128.11,188.32,0.95,19204.15,0.7,0.65,0.81,1.47,126.16,199.11,616.0,1678.0,50.363,1,1,1,55.0
310,178185,18266.05,152.5,704.6,79.51,307.51,0.93,19684.74,0.46,0.25,0.5,3.87,81.28,294.78,540.0,1456.0,50.363,1,1,1,55.0
311,178187,4235.85,73.44,246.06,67.6,80.47,0.99,4297.23,0.88,0.83,0.91,1.19,66.93,81.75,104.1410192,7.086861506,49.297,1,0,0,50.0
312,178187,3173.17,63.56,229.74,48.43,86.12,0.96,3303.37,0.76,0.54,0.74,1.78,53.45,88.19,43.07261628,2.956275571,49.297,1,0,0,50.0
313,178187,3896.71,70.44,249.64,54.58,91.83,0.98,3977.31,0.79,0.59,0.77,1.68,55.12,91.75,107.8321432,7.760749747,49.297,1,0,0,50.0
342,182474,56178.51,267.45,1046.23,190.11,393.34,0.95,59114.05,0.64,0.46,0.68,2.07,190.91,419.92,2924.40749,242.7245278,68.5,1,0,0,70.0
343,182474,36363.64,215.17,826.17,137.81,343.05,0.97,37414.88,0.67,0.39,0.63,2.49,132.65,331.41,3080.961643,320.4014121,68.5,1,0,0,70.0
344,182474,39361.98,223.87,889.88,134.56,374.38,0.98,40082.64,0.62,0.36,0.6,2.78,135.65,380.49,3521.84687,427.9782446,68.5,1,0,0,70.0
345,182474,61434.71,279.68,1038.29,193.99,408.97,0.98,62733.88,0.72,0.47,0.68,2.11,189.62,409.01,3738.832146,431.5580688,68.5,1,0,0,70.0
346,182474,35884.3,213.75,801.09,143.95,320.52,0.98,36717.36,0.7,0.44,0.67,2.23,139.34,320.56,1944.168595,259.0346117,68.5,1,0,0,70.0
347,182474,70528.93,299.67,1131.19,219.18,417.44,0.96,73242.98,0.69,0.52,0.72,1.9,217.48,411.22,6440.199973,965.9787343,68.5,1,0,0,70.0
348,182474,26571.9,183.94,687.79,125.4,273.91,0.97,27345.45,0.71,0.45,0.67,2.18,120.0,271.3,1490.325328,155.8785722,68.5,1,0,0,70.0
349,182474,36664.46,216.06,817.82,164.29,296.14,0.95,38525.62,0.69,0.53,0.73,1.8,158.18,299.96,4095.914793,409.3680461,68.5,1,0,0,70.0
350,182474,29662.81,194.34,779.75,136.23,286.17,0.95,31385.12,0.61,0.46,0.68,2.1,147.43,316.7,2832.591741,264.651889,68.5,1,0,0,70.0
351,182474,66849.59,291.75,1136.44,218.72,407.91,0.96,69801.65,0.65,0.51,0.72,1.86,212.76,447.88,1941.586681,155.6239069,68.5,1,0,0,70.0
352,182474,77150.41,313.42,1196.01,214.46,469.18,0.98,79071.07,0.68,0.45,0.67,2.19,201.51,447.89,5236.068816,601.2717916,68.5,1,0,0,70.0
353,182474,41533.88,229.96,870.61,171.54,319.15,0.96,43441.32,0.69,0.52,0.72,1.86,162.62,321.12,4121.592824,505.3615593,68.5,1,0,0,70.0
354,182474,51758.68,256.71,989.93,167.68,402.57,0.97,53319.01,0.66,0.41,0.64,2.4,160.0,391.6,6874.579441,1164.348886,68.5,1,0,0,70.0
355,182474,50867.63,254.49,968.0,171.74,382.71,0.97,52235.94,0.68,0.44,0.66,2.23,166.43,375.38,8472.109226,1556.594993,68.5,1,0,0,70.0
356,182474,39629.75,224.63,917.4,136.58,377.98,0.96,41487.6,0.59,0.35,0.59,2.77,131.92,362.51,2502.685635,311.8385046,68.5,1,0,0,70.0
357,182474,49642.98,251.41,918.58,183.26,350.86,0.97,51242.98,0.74,0.51,0.72,1.91,172.73,342.56,3627.23247,354.1992015,68.5,1,0,0,70.0
358,182474,41854.55,230.85,874.06,153.13,355.14,0.97,43054.55,0.69,0.42,0.65,2.32,145.85,338.58,5399.770609,848.7878054,68.5,1,0,0,70.0
359,183146,15388.0,139.97,497.1,104.27,188.54,0.97,15824.0,0.78,0.55,0.74,1.81,106.0,192.84,122.8102587,86.9013892,66.54,1,0,0,70.0
360,183146,45552.0,240.83,901.55,161.54,363.55,0.98,46604.0,0.7,0.44,0.66,2.25,153.18,355.82,162.0687492,148.8596265,66.54,1,0,0,70.0
361,183146,20244.0,160.55,642.03,126.36,220.35,0.92,21944.0,0.62,0.53,0.73,1.74,121.75,233.42,71.32211027,61.06712174,66.54,1,0,0,70.0
362,183146,24160.0,175.39,628.1,128.43,241.93,0.98,24744.0,0.77,0.53,0.72,1.88,124.18,244.57,120.8506711,84.70253769,66.54,1,0,0,70.0
363,183146,24152.0,175.36,618.1,140.72,221.69,0.98,24708.0,0.79,0.63,0.79,1.58,137.18,225.86,74.88663502,44.72322124,66.54,1,0,0,70.0
364,183146,25904.0,181.61,650.27,138.37,242.78,0.97,26672.0,0.77,0.56,0.75,1.75,138.0,244.76,76.25537778,43.88988932,66.54,1,0,0,70.0
365,183146,30170.76,196.0,687.21,180.86,215.9,0.97,31091.21,0.8,0.82,0.91,1.19,176.78,222.15,61.56340483,40.33301694,66.54,1,0,0,70.0
366,183146,13656.81,131.87,482.76,98.25,179.39,0.97,14060.81,0.74,0.54,0.74,1.83,96.55,185.36,150.803251,110.269318,66.54,1,0,0,70.0
367,183146,25110.37,178.81,629.29,151.46,212.73,0.97,25760.1,0.8,0.71,0.84,1.4,167.92,231.04,77.27357524,46.44616512,66.54,1,0,0,70.0
368,183146,30540.0,197.19,704.64,160.33,246.81,0.97,31336.0,0.77,0.64,0.8,1.54,188.0,262.74,113.756076,73.9400208,66.54,1,0,0,70.0
369,183146,45484.0,240.65,892.06,180.19,326.32,0.97,46844.0,0.72,0.54,0.74,1.81,172.05,323.86,132.0137288,84.69423561,66.54,1,0,0,70.0
370,183146,64456.0,286.48,1020.92,224.24,368.0,0.98,65900.0,0.78,0.61,0.78,1.64,221.97,388.28,65.59112262,45.17182172,66.54,1,0,0,70.0
371,183146,16940.0,146.86,492.7,135.97,159.24,0.98,17344.0,0.88,0.85,0.92,1.17,134.35,162.6,80.42458871,65.77966408,66.54,1,0,0,70.0
372,183146,28404.0,190.17,754.44,115.15,317.09,0.98,29080.0,0.63,0.36,0.6,2.75,115.45,315.85,138.0860001,126.2679408,66.54,1,0,0,70.0
373,183146,24294.04,175.88,631.27,130.91,238.41,0.98,24868.8,0.77,0.54,0.74,1.82,136.73,247.07,109.3563764,95.78621581,66.54,1,0,0,70.0
374,183146,15235.32,139.28,490.92,109.54,180.4,0.97,15626.82,0.79,0.6,0.77,1.65,110.2,190.57,110.4286934,62.28229656,66.54,1,0,0,70.0
375,183146,46384.84,243.02,882.19,197.28,303.2,0.95,48796.33,0.75,0.64,0.8,1.54,236.73,314.82,79.88564382,57.5594228,66.54,1,0,0,70.0
376,183146,27363.6,186.66,660.04,164.23,215.21,0.97,28146.61,0.79,0.75,0.87,1.31,157.47,216.76,78.81478015,52.26320027,66.54,1,0,0,70.0
377,183146,18954.6,155.35,619.81,127.08,206.3,0.9,21057.89,0.62,0.57,0.75,1.62,167.4,229.02,109.7639235,78.03005102,66.54,1,0,0,70.0
378,183146,22569.76,169.52,663.22,114.07,257.14,0.97,23381.92,0.64,0.43,0.66,2.25,111.46,259.64,69.68105479,47.38188386,66.54,1,0,0,70.0
379,183146,26793.0,184.7,775.4,107.57,319.66,0.96,27780.09,0.56,0.33,0.58,2.97,106.42,328.27,73.97847802,50.06921191,66.54,1,0,0,70.0
380,183459,7010.65,94.48,336.96,78.02,115.86,0.98,7181.68,0.78,0.67,0.82,1.48,79.91,124.63,48.0,83.0,63.145,0,1,1,65.0
381,183459,4009.58,71.45,254.11,55.64,92.95,0.97,4142.6,0.78,0.59,0.77,1.67,55.9,89.34,51.0,85.0,63.145,0,1,1,65.0
382,183459,30284.93,196.37,782.51,155.74,264.64,0.94,32383.37,0.62,0.55,0.74,1.7,156.28,291.87,48.0,77.0,63.145,0,1,1,65.0
383,183459,25078.18,178.69,763.34,108.9,304.5,0.96,26127.4,0.54,0.34,0.59,2.8,99.53,294.08,62.0,101.0,63.145,0,1,1,65.0
384,183459,3530.44,67.05,252.62,45.92,101.23,0.95,3731.32,0.7,0.44,0.66,2.2,47.88,95.54,142.0,142.0,63.145,0,1,1,65.0
385,183459,16562.24,145.22,524.69,113.21,190.28,0.98,16947.72,0.76,0.58,0.76,1.68,107.29,186.19,57.0,79.0,63.145,0,1,1,65.0
386,183459,19599.96,157.97,563.71,131.14,192.68,0.97,20155.11,0.78,0.67,0.82,1.47,129.21,202.3,50.0,64.0,63.145,0,1,1,65.0
387,183459,6403.92,90.3,319.89,75.13,112.37,0.98,6545.08,0.79,0.65,0.8,1.5,71.07,115.32,51.0,87.0,63.145,0,1,1,65.0
388,183459,7417.85,97.18,394.62,59.95,161.56,0.97,7658.1,0.6,0.36,0.6,2.69,56.74,150.67,61.0,63.0,63.145,0,1,1,65.0
389,183459,17193.4,147.96,532.73,112.04,197.0,0.97,17751.27,0.76,0.56,0.75,1.76,109.3,194.6,49.0,85.0,63.145,0,1,1,65.0
390,183459,13197.4,129.63,476.81,107.75,163.4,0.97,13570.67,0.73,0.63,0.79,1.52,104.19,173.84,118.0,135.0,63.145,0,1,1,65.0
391,183459,47460.68,245.82,858.7,215.92,282.18,0.98,48390.46,0.81,0.76,0.87,1.31,212.87,290.01,47.0,55.0,63.145,0,1,1,65.0
392,183459,9791.84,111.66,409.8,78.46,160.45,0.98,9994.08,0.73,0.48,0.7,2.05,76.83,162.55,44.0,55.0,63.145,0,1,1,65.0
393,183459,18709.55,154.34,585.81,118.41,210.18,0.96,19589.1,0.69,0.54,0.73,1.78,115.97,209.45,55.0,70.0,63.145,0,1,1,65.0
394,183459,26753.13,184.56,697.73,140.45,248.51,0.96,27780.64,0.69,0.55,0.74,1.77,136.51,243.64,78.0,103.0,63.145,0,1,1,65.0
395,183459,23047.6,171.3,616.55,150.45,201.84,0.95,24240.7,0.76,0.72,0.85,1.34,154.23,203.64,55.0,92.0,63.145,0,1,1,65.0
396,183459,30470.88,196.97,848.75,120.93,335.26,0.95,32124.12,0.53,0.35,0.59,2.77,110.59,327.1,83.0,148.0,63.145,0,1,1,65.0
397,183459,7922.78,100.44,413.43,71.1,153.01,0.93,8555.3,0.58,0.43,0.66,2.15,73.17,155.11,54.0,74.0,63.145,0,1,1,65.0
398,183459,12009.73,123.66,568.04,62.12,251.89,0.95,12661.25,0.47,0.24,0.49,4.06,63.56,241.55,54.0,73.0,63.145,0,1,1,65.0
399,183459,5888.13,86.59,342.35,56.12,137.67,0.95,6192.18,0.63,0.4,0.63,2.45,55.41,128.51,81.0,81.0,63.145,0,1,1,65.0
400,183459,10710.76,116.78,456.14,78.29,179.23,0.97,11031.09,0.65,0.42,0.65,2.29,76.37,187.58,36.0,41.0,63.145,0,1,1,65.0
401,183459,2827.34,60.0,211.67,56.16,65.85,0.95,2967.14,0.79,0.83,0.91,1.17,58.63,69.51,99.0,71.0,63.145,0,1,1,65.0
402,183459,12970.72,128.51,446.78,118.12,144.01,0.97,13320.92,0.82,0.8,0.89,1.22,117.43,148.67,74.0,111.0,63.145,0,1,1,65.0
403,183459,4357.06,74.48,267.07,58.95,95.86,0.98,4458.86,0.77,0.6,0.78,1.63,57.42,97.15,50.0,53.0,63.145,0,1,1,65.0
435,185590,23014.05,171.18,632.26,138.0,214.61,0.97,23835.06,0.72,0.64,0.8,1.56,144.14,220.41,70.0,58.0,54.665,1,0,1,55.0
436,185590,25880.18,181.53,643.88,163.95,207.0,0.98,26534.76,0.78,0.77,0.88,1.26,163.18,219.78,93.0,72.0,54.665,1,0,1,55.0
437,185590,40192.31,226.22,839.54,174.76,298.8,0.97,41375.74,0.72,0.57,0.76,1.71,164.26,287.32,42.0,34.0,54.665,1,0,1,55.0
438,185590,13812.87,132.62,479.77,99.07,179.71,0.98,14160.5,0.75,0.54,0.74,1.81,100.0,183.91,64.0,92.0,54.665,1,0,1,55.0
439,185590,30758.14,197.9,721.08,168.7,238.8,0.96,31897.19,0.74,0.69,0.83,1.42,159.95,251.06,62.0,48.0,54.665,1,0,1,55.0
440,185590,19633.88,158.11,571.58,128.91,199.02,0.98,20096.15,0.76,0.63,0.79,1.54,124.65,200.45,66.0,55.0,54.665,1,0,1,55.0
441,185590,14581.42,136.26,489.38,106.12,176.96,0.97,15018.74,0.77,0.59,0.77,1.67,103.26,174.9,50.0,41.0,54.665,1,0,1,55.0
442,185590,27130.36,185.86,670.22,164.95,218.09,0.98,27792.59,0.76,0.73,0.85,1.32,163.27,234.77,44.0,36.0,54.665,1,0,1,55.0
443,185590,11187.01,119.35,432.99,94.43,157.28,0.97,11549.35,0.75,0.58,0.76,1.67,98.13,169.87,64.0,50.0,54.665,1,0,1,55.0
444,185590,14411.98,135.46,479.38,122.78,152.04,0.97,14926.04,0.79,0.79,0.89,1.24,132.12,166.25,61.0,51.0,54.665,1,0,1,55.0
445,185590,12333.72,125.31,434.83,114.17,140.35,0.97,12672.05,0.82,0.8,0.89,1.23,109.2,154.62,53.0,43.0,54.665,1,0,1,55.0
446,185590,16439.83,144.68,513.58,130.36,166.76,0.96,17066.51,0.78,0.75,0.87,1.28,131.67,181.29,43.0,34.0,54.665,1,0,1,55.0
447,185590,13452.52,130.88,481.95,111.69,159.68,0.94,14259.9,0.73,0.67,0.82,1.43,125.4,178.56,59.0,48.0,54.665,1,0,1,55.0
448,185590,22226.07,168.22,637.97,125.27,230.0,0.95,23317.95,0.69,0.53,0.73,1.84,127.33,235.73,188.0,105.0,54.665,1,0,1,55.0
449,185590,24994.23,178.39,621.25,158.5,203.87,0.97,25813.15,0.81,0.77,0.88,1.29,183.68,212.09,72.0,54.0,54.665,1,0,1,55.0
450,185590,29408.28,193.5,701.96,146.31,259.38,0.98,30136.83,0.75,0.56,0.75,1.77,146.2,254.38,53.0,43.0,54.665,1,0,1,55.0
451,185590,20599.77,161.95,555.93,142.16,185.34,0.97,21184.16,0.84,0.76,0.87,1.3,149.23,189.23,49.0,39.0,54.665,1,0,1,55.0
452,185590,22772.01,170.28,605.92,164.8,186.27,0.98,23183.39,0.78,0.84,0.91,1.13,171.91,203.55,47.0,37.0,54.665,1,0,1,55.0
453,185590,23151.04,171.69,584.48,162.96,182.08,0.98,23624.13,0.85,0.89,0.94,1.12,166.67,191.71,52.0,43.0,54.665,1,0,1,55.0
454,185590,10421.01,115.19,408.26,94.72,142.94,0.97,10781.25,0.79,0.65,0.81,1.51,99.56,154.12,159.0,75.0,54.665,1,0,1,55.0
455,185590,38012.15,220.0,801.74,176.86,283.94,0.98,38910.59,0.74,0.6,0.77,1.61,178.44,289.43,152.0,101.0,54.665,1,0,1,55.0
456,185590,21050.35,163.71,573.79,161.56,169.27,0.95,22174.48,0.8,0.94,0.97,1.05,167.94,183.83,126.0,86.0,54.665,1,0,1,55.0
457,185590,30125.87,195.85,686.26,177.94,221.71,0.98,30868.06,0.8,0.78,0.88,1.25,190.1,240.16,104.0,73.0,54.665,1,0,1,55.0
458,185590,19358.6,157.0,534.01,132.21,186.83,0.98,19716.78,0.85,0.71,0.84,1.41,141.42,192.94,66.0,55.0,54.665,1,0,1,55.0
459,185590,14144.11,134.2,492.41,95.94,188.54,0.97,14560.6,0.73,0.51,0.71,1.97,100.1,194.31,104.0,80.0,54.665,1,0,1,55.0
460,185590,15620.66,141.03,490.46,125.18,161.33,0.97,16024.31,0.82,0.76,0.87,1.29,127.64,177.39,47.0,41.0,54.665,1,0,1,55.0
461,185590,25212.67,179.17,615.76,169.7,190.85,0.97,26072.05,0.84,0.88,0.94,1.12,166.62,197.42,62.0,50.0,54.665,1,0,1,55.0
462,185590,32113.72,202.21,737.81,200.3,213.52,0.95,33953.99,0.74,0.9,0.95,1.07,189.85,238.31,168.0,104.0,54.665,1,0,1,55.0
463,185590,11141.49,119.1,417.31,99.46,144.79,0.97,11514.76,0.8,0.68,0.82,1.46,100.62,144.71,73.0,54.0,54.665,1,0,1,55.0
464,185590,17217.88,148.06,579.3,111.91,210.81,0.9,19144.97,0.64,0.49,0.7,1.88,120.83,213.52,99.0,69.0,54.665,1,0,1,55.0
465,185590,39578.99,224.49,774.39,216.94,234.85,0.98,40355.9,0.83,0.91,0.96,1.08,218.14,249.31,87.0,63.0,54.665,1,0,1,55.0
466,185590,3997.4,71.34,264.4,46.48,109.87,0.96,4153.65,0.72,0.42,0.65,2.36,48.29,109.94,79.0,103.0,54.665,1,0,1,55.0
467,185590,27092.01,185.73,706.8,128.97,274.42,0.96,28203.13,0.68,0.46,0.68,2.13,132.14,268.18,40.0,43.0,54.665,1,0,1,55.0
468,185590,23723.96,173.8,627.75,147.81,211.24,0.97,24483.51,0.76,0.68,0.82,1.43,139.27,209.63,54.0,44.0,54.665,1,0,1,55.0
469,185590,26289.06,182.95,699.09,117.42,288.83,0.98,26944.44,0.68,0.4,0.63,2.46,116.16,284.08,62.0,66.0,54.665,1,0,1,55.0
470,185590,20343.93,160.94,549.55,152.26,172.95,0.98,20791.42,0.85,0.87,0.93,1.14,152.64,179.29,105.0,78.0,54.665,1,0,1,55.0
471,185590,20539.94,161.72,552.15,143.32,186.89,0.98,20994.82,0.85,0.75,0.87,1.3,150.94,195.9,30.0,35.0,54.665,1,0,1,55.0
472,185590,20287.38,160.72,658.85,98.5,270.86,0.93,21699.29,0.59,0.35,0.59,2.75,102.32,261.96,129.0,73.0,54.665,1,0,1,55.0
473,185590,28076.92,189.07,715.83,175.66,211.29,0.94,29881.66,0.69,0.8,0.89,1.2,184.52,225.75,59.0,48.0,54.665,1,0,1,55.0
474,185590,14273.22,134.81,567.65,86.82,217.54,0.94,15251.98,0.56,0.38,0.62,2.51,96.22,235.55,155.0,91.0,54.665,1,0,1,55.0
475,185590,22544.38,169.42,611.75,129.88,226.06,0.98,23091.72,0.76,0.56,0.75,1.74,130.47,227.06,62.0,47.0,54.665,1,0,1,55.0
476,185590,18535.5,153.62,528.88,123.94,193.98,0.98,18831.36,0.83,0.63,0.79,1.57,115.58,194.49,65.0,51.0,54.665,1,0,1,55.0
477,185590,37067.31,217.25,786.82,181.17,269.93,0.96,38653.85,0.75,0.65,0.8,1.49,179.51,287.93,40.0,38.0,54.665,1,0,1,55.0
478,185590,33247.04,205.75,714.98,189.4,228.18,0.98,33942.31,0.82,0.81,0.9,1.2,182.44,240.69,144.0,91.0,54.665,1,0,1,55.0
479,185922,19991.14,159.54,595.58,120.69,216.69,0.97,20652.4,0.71,0.54,0.74,1.8,117.9,221.92,135.9450794,187.5710072,49.965,1,0,0,50.0
480,185922,2994.41,61.75,217.56,51.97,74.91,0.95,3137.57,0.79,0.68,0.82,1.44,52.62,76.12,81.34610961,70.23776483,49.965,1,0,0,50.0
481,185922,8587.84,104.57,360.69,95.22,116.6,0.97,8853.71,0.83,0.8,0.9,1.22,97.85,124.71,140.362675,154.8600724,49.965,1,0,0,50.0
482,185922,8291.29,102.75,528.03,53.09,223.1,0.91,9153.66,0.37,0.21,0.46,4.2,64.21,216.26,105.2155867,505.5489306,49.965,1,0,0,50.0
483,185922,2319.52,54.34,194.08,49.73,62.08,0.95,2442.23,0.77,0.77,0.88,1.25,47.77,67.14,289.5021693,642.570761,49.965,1,0,0,50.0
484,185922,5581.5,84.3,331.89,55.67,130.42,0.94,5924.06,0.64,0.42,0.65,2.34,53.52,126.15,59.20082402,129.853992,49.965,1,0,0,50.0
485,185922,4120.94,72.44,353.81,41.49,141.98,0.91,4526.55,0.41,0.26,0.51,3.42,42.7,147.99,389.1305526,786.9658794,49.965,1,0,0,50.0
486,185922,2503.58,56.46,218.01,52.73,63.1,0.91,2748.99,0.66,0.8,0.89,1.2,56.31,68.34,121.2240447,218.9596409,49.965,1,0,0,50.0
487,185922,2171.25,52.58,213.55,31.8,88.23,0.94,2309.29,0.6,0.36,0.6,2.77,32.3,86.25,204.9585572,616.3772671,49.965,1,0,0,50.0
488,185922,4143.09,72.63,325.56,55.93,104.53,0.81,5092.37,0.49,0.48,0.69,1.87,62.48,108.05,126.6483535,587.0474021,49.965,1,0,0,50.0
489,185927,47659.57,246.34,1133.8,147.94,449.42,0.84,56604.8,0.47,0.3,0.55,3.04,158.56,418.63,391.0338991,250.5853036,52.035,1,0,1,55.0
490,185927,56962.43,269.31,1004.9,218.87,346.26,0.96,59361.7,0.71,0.6,0.78,1.58,211.74,344.51,486.1642102,315.7865329,52.035,1,0,1,55.0
491,185927,46473.52,243.25,916.58,169.21,359.92,0.97,47858.76,0.7,0.46,0.68,2.13,158.37,354.02,431.5326486,302.6050074,52.035,1,0,1,55.0
492,185927,77700.32,314.53,1207.57,240.43,422.84,0.95,81951.11,0.67,0.55,0.74,1.76,262.07,471.03,295.0103423,190.3384926,52.035,1,0,1,55.0
493,185927,28709.82,191.19,733.23,182.85,214.57,0.94,30688.09,0.67,0.79,0.89,1.17,175.93,236.51,676.6098744,494.9515589,52.035,1,0,1,55.0
494,185927,30330.47,196.51,708.34,182.33,220.26,0.97,31367.13,0.76,0.8,0.89,1.21,197.78,238.91,552.8128827,377.0259299,52.035,1,0,1,55.0
495,185927,30269.1,196.32,748.76,146.14,273.18,0.97,31219.62,0.68,0.52,0.72,1.87,143.88,285.42,302.7766931,195.8001086,52.035,1,0,1,55.0
496,185927,45646.7,241.08,937.87,169.88,354.73,0.97,47174.48,0.65,0.46,0.68,2.09,160.94,363.87,327.6507956,212.3634956,52.035,1,0,1,55.0
497,185927,18963.33,155.39,570.53,139.06,180.5,0.94,20276.14,0.73,0.74,0.86,1.3,155.1,190.3,632.4936572,433.6877371,52.035,1,0,1,55.0
498,185927,42413.19,232.38,1023.43,125.52,442.02,0.96,44162.33,0.51,0.28,0.53,3.52,123.32,412.03,320.192543,197.6882554,52.035,1,0,1,55.0
499,185927,56536.46,268.3,1008.98,237.75,320.0,0.95,59674.48,0.7,0.7,0.84,1.35,254.35,326.13,651.2147351,444.8046391,52.035,1,0,1,55.0
500,185927,52274.31,257.99,987.69,205.99,331.29,0.94,55655.38,0.67,0.61,0.78,1.61,201.65,332.64,576.68063,392.6332027,52.035,1,0,1,55.0
501,185927,27751.74,187.98,737.6,121.37,293.62,0.97,28745.66,0.64,0.41,0.64,2.42,122.98,297.68,305.6612666,184.099781,52.035,1,0,1,55.0
502,185927,29513.89,193.85,763.53,135.18,292.02,0.95,31106.77,0.64,0.44,0.66,2.16,138.79,302.28,421.8470673,271.1031152,52.035,1,0,1,55.0
503,185927,40199.65,226.24,903.57,155.08,343.47,0.94,42764.76,0.62,0.43,0.66,2.21,150.28,344.56,255.3954941,151.3621587,52.035,1,0,1,55.0
504,185927,91876.18,342.02,1363.13,272.16,461.97,0.9,101862.0,0.62,0.55,0.74,1.7,282.17,458.59,404.6754167,258.1927705,52.035,1,0,1,55.0
505,185927,35085.07,211.36,822.1,141.57,324.89,0.97,36209.83,0.65,0.42,0.65,2.29,133.05,319.04,155.0258186,79.28119103,52.035,1,0,1,55.0
506,185927,38331.76,220.92,832.03,165.8,302.3,0.97,39588.85,0.7,0.53,0.73,1.82,162.94,301.8,628.7173105,383.1027501,52.035,1,0,1,55.0
507,185927,41346.88,229.44,795.45,201.17,263.71,0.98,42084.12,0.82,0.76,0.87,1.31,212.32,282.25,594.2827108,217.7209939,52.035,1,0,1,55.0
508,185927,68232.51,294.75,1123.92,242.03,365.22,0.96,71214.56,0.68,0.65,0.81,1.51,266.69,383.43,516.6900977,225.3878795,52.035,1,0,1,55.0
509,185927,32098.3,202.16,777.15,150.02,282.51,0.94,33998.11,0.67,0.51,0.72,1.88,145.02,277.11,260.0361651,160.7310063,52.035,1,0,1,55.0
510,185927,33318.24,205.97,769.26,176.95,246.86,0.95,34984.16,0.71,0.7,0.83,1.4,168.11,264.52,199.9621892,115.3208002,52.035,1,0,1,55.0
526,187154,9040.0,107.29,372.13,96.07,121.79,0.97,9284.0,0.82,0.78,0.88,1.27,96.09,132.2,1836.014965,1103.73862,53.068,1,1,0,55.0
527,187154,14612.0,136.4,493.3,107.32,179.76,0.97,15036.0,0.75,0.58,0.76,1.67,122.0,187.63,2004.330738,667.8376383,53.068,1,1,0,55.0
528,187154,12528.0,126.3,427.73,120.96,133.92,0.97,12892.0,0.86,0.89,0.94,1.11,125.2,144.55,642.4551703,702.9627936,53.068,1,1,0,55.0
529,187154,29876.0,195.04,672.3,162.82,234.49,0.97,30644.0,0.83,0.69,0.83,1.44,166.86,238.44,900.5478768,274.7166879,53.068,1,1,0,55.0
530,187154,11028.0,118.5,402.39,112.36,126.31,0.97,11360.0,0.86,0.88,0.94,1.12,112.0,134.85,2221.853274,575.2367834,53.068,1,1,0,55.0
531,187154,22800.0,170.38,587.33,159.33,188.4,0.98,23368.0,0.83,0.82,0.9,1.18,173.95,195.48,728.6082228,302.9374711,53.068,1,1,0,55.0
532,187154,14804.0,137.29,471.45,128.2,149.16,0.97,15216.0,0.84,0.85,0.92,1.16,135.64,156.2,744.7521188,271.7769665,53.068,1,1,0,55.0
533,187154,30440.0,196.87,703.61,194.26,206.23,0.94,32240.0,0.77,0.91,0.95,1.06,181.71,227.48,1059.189984,765.5066131,53.068,1,1,0,55.0
534,187154,8332.0,103.0,354.68,84.61,126.94,0.98,8524.0,0.83,0.66,0.81,1.5,90.34,131.04,1133.426143,835.8566864,53.068,1,1,0,55.0
535,187154,10948.0,118.07,436.22,82.76,171.53,0.97,11328.0,0.72,0.47,0.69,2.07,81.98,164.3,1637.110874,544.8286509,53.068,1,1,0,55.0
536,187154,9368.0,109.21,372.05,93.29,129.03,0.97,9668.0,0.85,0.72,0.85,1.38,94.0,132.98,500.2932519,635.3144305,53.068,1,1,0,55.0
537,187154,5212.0,81.46,289.42,63.06,106.81,0.97,5388.0,0.78,0.58,0.76,1.69,63.51,107.81,706.8814963,804.2723843,53.068,1,1,0,55.0
538,187199,6732.67,92.59,376.39,52.25,167.3,0.97,6974.37,0.6,0.31,0.55,3.2,50.87,160.02,306.3504534,210.943284,68.51,1,0,0,70.0
539,187199,6904.48,93.76,338.82,78.83,117.73,0.94,7379.15,0.76,0.63,0.8,1.49,80.85,115.56,159.886936,98.22122081,68.51,1,0,0,70.0
540,187199,8375.07,103.26,375.29,90.93,122.29,0.95,8788.58,0.75,0.71,0.84,1.34,89.81,129.35,305.530429,264.9922574,68.51,1,0,0,70.0
541,187199,13183.16,129.56,472.9,115.27,151.36,0.95,13909.14,0.74,0.73,0.86,1.31,115.11,162.29,840.1035247,504.0908141,68.51,1,0,0,70.0
542,187199,25675.07,180.81,684.0,144.29,233.55,0.95,27040.24,0.69,0.6,0.77,1.62,149.51,245.05,246.9135352,247.4719326,68.51,1,0,0,70.0
543,187199,21484.1,165.39,633.73,117.93,238.4,0.94,22921.58,0.67,0.48,0.69,2.02,118.65,234.53,195.1692806,106.7968503,68.51,1,0,0,70.0
544,187199,6534.65,91.22,320.86,77.23,110.07,0.96,6808.39,0.8,0.69,0.83,1.43,80.2,110.29,312.461183,190.1359908,68.51,1,0,0,70.0
545,187199,3395.46,65.75,250.77,44.85,99.06,0.96,3541.06,0.68,0.44,0.66,2.21,44.14,98.75,77.33504435,45.9425299,68.51,1,0,0,70.0
546,187199,8351.78,103.12,388.6,73.55,147.91,0.96,8704.14,0.69,0.49,0.7,2.01,74.08,155.44,253.7531379,260.1418086,68.51,1,0,0,70.0
547,187199,9338.96,109.04,409.84,74.67,161.93,0.97,9621.43,0.7,0.45,0.67,2.17,72.31,157.48,123.6282791,149.7048964,68.51,1,0,0,70.0
548,187199,4357.08,74.48,262.33,56.5,100.0,0.97,4485.48,0.8,0.55,0.74,1.77,56.95,100.97,294.2577187,155.5393083,68.51,1,0,0,70.0
549,187199,2493.51,56.35,195.59,52.26,62.09,0.95,2614.16,0.82,0.82,0.91,1.19,54.21,68.24,485.5946998,223.4620431,68.51,1,0,0,70.0
550,187199,7944.09,100.57,358.64,95.18,109.07,0.96,8316.83,0.78,0.85,0.92,1.15,97.01,122.88,233.0334616,151.3386411,68.51,1,0,0,70.0
551,187199,4456.95,75.33,263.04,74.86,77.45,0.95,4682.36,0.81,0.95,0.97,1.03,75.25,85.22,335.0083032,150.6926828,68.51,1,0,0,70.0
552,187199,7230.6,95.95,344.23,81.87,118.54,0.96,7515.0,0.77,0.66,0.81,1.45,86.44,119.68,65.41284706,30.34977597,68.51,1,0,0,70.0
553,187199,8517.57,104.14,377.86,81.38,134.83,0.96,8902.51,0.75,0.6,0.77,1.66,88.69,139.36,213.0075629,129.4655792,68.51,1,0,0,70.0
554,187199,5845.95,86.27,330.57,62.21,123.44,0.94,6207.91,0.67,0.49,0.7,1.98,60.64,120.14,343.144218,380.1674256,68.51,1,0,0,70.0
555,187199,6256.75,89.25,336.84,85.86,99.86,0.92,6802.56,0.69,0.8,0.89,1.16,83.05,116.01,214.6633059,138.2174609,68.51,1,0,0,70.0
556,187199,4987.02,79.68,281.98,61.18,105.44,0.97,5147.89,0.79,0.57,0.76,1.72,61.71,109.79,331.0622386,257.4623816,68.51,1,0,0,70.0
557,187199,4897.96,78.97,286.12,70.2,93.59,0.96,5107.67,0.75,0.71,0.84,1.33,78.23,106.73,58.77530257,33.5579882,68.51,1,0,0,70.0
558,187199,6299.84,89.56,335.0,88.57,95.79,0.92,6877.26,0.71,0.87,0.93,1.08,88.68,105.14,223.0856985,105.2106301,68.51,1,0,0,70.0
559,187199,9965.41,112.64,393.88,102.78,127.59,0.97,10284.28,0.81,0.78,0.88,1.24,95.88,137.75,486.2827195,227.8983045,68.51,1,0,0,70.0
560,187199,7437.43,97.31,322.48,95.2,99.99,0.98,7589.69,0.9,0.95,0.97,1.05,93.26,105.49,545.2450906,340.7251033,68.51,1,0,0,70.0
561,187199,6207.91,88.91,323.65,80.24,103.44,0.95,6552.64,0.74,0.74,0.86,1.29,81.53,110.49,266.4118991,71.13386972,68.51,1,0,0,70.0
562,187199,7515.0,97.82,346.7,94.75,104.42,0.96,7813.76,0.79,0.88,0.94,1.1,97.02,113.06,763.5189536,268.9770881,68.51,1,0,0,70.0
563,187199,13194.33,129.61,477.88,90.94,187.17,0.96,13705.67,0.73,0.48,0.69,2.06,95.89,188.81,2513.148152,1355.439284,68.51,1,0,0,70.0
564,187199,9798.8,111.7,419.11,78.44,160.82,0.97,10140.65,0.7,0.48,0.69,2.05,77.03,159.94,1416.850511,517.5896693,68.51,1,0,0,70.0
565,187199,10718.91,116.82,439.06,81.42,170.64,0.96,11138.3,0.7,0.47,0.68,2.1,80.89,174.93,133.8279412,96.33755256,68.51,1,0,0,70.0
566,187199,22077.03,167.66,657.98,104.97,274.09,0.97,22756.72,0.64,0.37,0.61,2.61,98.84,260.0,268.8565089,279.0201001,68.51,1,0,0,70.0
567,187199,12214.24,124.71,428.93,102.1,153.11,0.98,12454.3,0.83,0.66,0.81,1.5,104.62,157.82,1013.424568,613.3225175,68.51,1,0,0,70.0
568,187199,6529.66,91.18,321.15,87.32,96.91,0.96,6793.95,0.8,0.89,0.94,1.11,86.62,105.7,407.7331902,204.7109098,68.51,1,0,0,70.0
569,187199,6070.03,87.91,304.13,75.73,103.75,0.97,6248.13,0.82,0.72,0.85,1.37,86.89,109.97,634.5785821,180.3783116,68.51,1,0,0,70.0
570,187199,5199.6,81.37,282.68,72.28,93.6,0.96,5406.43,0.82,0.76,0.87,1.3,72.88,97.84,157.7937264,90.94008831,68.51,1,0,0,70.0
571,187199,12803.64,127.68,449.11,98.73,168.08,0.97,13185.71,0.8,0.58,0.76,1.7,96.5,163.07,352.8909579,233.6728781,68.51,1,0,0,70.0
572,187199,12824.52,127.78,581.69,66.07,258.02,0.93,13787.66,0.48,0.25,0.5,3.91,63.94,239.39,494.4782832,240.6772265,68.51,1,0,0,70.0
573,189223,2749.43,59.17,213.02,48.8,73.29,0.96,2857.14,0.76,0.65,0.81,1.5,46.73,74.72,3060.017679,0.003785884,49.179,0,0,1,50.0
574,189223,4831.82,78.44,356.21,45.94,140.13,0.93,5197.15,0.48,0.31,0.56,3.05,43.69,139.43,2801.64549,0.00489943,49.179,0,0,1,50.0
575,189223,2842.66,60.16,220.45,57.75,65.27,0.92,3093.35,0.74,0.85,0.92,1.13,57.85,70.6,1863.847392,0.005040548,49.179,0,0,1,50.0
576,189223,1198.03,39.06,132.54,33.5,45.74,0.98,1228.27,0.86,0.73,0.85,1.37,33.81,46.02,2618.665418,5982.359702,49.179,0,0,1,50.0
577,189223,2452.13,55.88,221.57,56.57,60.22,0.87,2833.84,0.63,0.86,0.93,1.06,53.95,69.7,1306.849267,3183.693088,49.179,0,0,1,50.0
578,189223,3710.63,68.74,253.5,61.32,80.58,0.96,3863.06,0.73,0.73,0.85,1.31,59.49,84.94,2678.262912,0.007897087,49.179,0,0,1,50.0
579,189223,3594.73,67.65,265.89,48.8,99.17,0.94,3839.76,0.64,0.47,0.68,2.03,52.97,105.73,815.5753174,2018.043523,49.179,0,0,1,50.0
580,189223,2757.62,59.25,213.3,49.24,73.85,0.95,2896.83,0.76,0.64,0.8,1.5,49.21,75.81,702.7251093,0.001395507,49.179,0,0,1,50.0
588,189936,16559.77,145.21,547.16,103.61,208.07,0.97,17030.4,0.7,0.49,0.7,2.01,100.43,208.53,674.4096432,169.0405127,64.728,1,0,0,65.0
589,189936,21199.5,164.29,613.78,108.9,253.0,0.98,21665.97,0.71,0.42,0.65,2.32,104.08,249.09,427.1838594,97.3023174,64.728,1,0,0,65.0
590,189936,16214.08,143.68,597.25,84.04,253.44,0.96,16863.81,0.57,0.32,0.57,3.02,85.09,245.92,314.84816,133.7622948,64.728,1,0,0,65.0
591,189936,20116.62,160.04,656.54,96.76,271.38,0.97,20787.17,0.59,0.35,0.59,2.8,95.73,270.23,416.3094581,105.9615011,64.728,1,0,0,65.0
592,189936,27088.71,185.72,772.76,103.52,342.9,0.97,28029.99,0.57,0.29,0.54,3.31,99.62,325.28,461.5352955,61.77322864,64.728,1,0,0,65.0
593,189936,22416.0,168.94,707.16,97.27,301.2,0.95,23604.0,0.56,0.31,0.56,3.1,94.51,284.04,582.4701945,417.0672985,64.728,1,0,0,65.0
594,189936,32376.0,203.03,815.18,128.28,329.95,0.98,33192.0,0.61,0.38,0.62,2.57,120.83,322.61,830.0686315,338.7201636,64.728,1,0,0,65.0
595,189936,28488.0,190.45,810.76,108.15,347.89,0.96,29824.0,0.54,0.3,0.55,3.22,103.55,335.86,600.7808857,104.1118029,64.728,1,0,0,65.0
596,189936,30096.0,195.75,775.38,124.32,317.33,0.97,30960.0,0.63,0.38,0.62,2.55,117.65,305.94,479.1905684,126.0128336,64.728,1,0,0,65.0
597,189936,26812.0,184.76,680.5,127.13,271.64,0.98,27316.0,0.73,0.46,0.68,2.14,122.33,271.04,628.2896224,68.73182707,64.728,1,0,0,65.0
598,189936,29575.18,194.05,905.64,91.19,423.0,0.96,30724.7,0.45,0.21,0.46,4.64,87.41,397.44,428.7047579,87.19888438,64.728,1,0,0,65.0
599,189936,15485.21,140.42,503.87,108.28,184.9,0.97,16005.83,0.77,0.58,0.76,1.71,112.26,189.0,613.2460017,101.0482413,64.728,1,0,0,65.0
600,189936,24881.3,177.99,722.09,105.02,309.85,0.96,25951.69,0.6,0.33,0.57,2.95,101.93,291.63,370.1420302,69.55217627,64.728,1,0,0,65.0
610,190228,13884.02,132.96,528.43,85.15,213.94,0.97,14328.99,0.62,0.39,0.62,2.51,80.09,208.07,168.7492677,177.5747072,67.515,1,0,0,70.0
611,190228,10071.01,113.24,419.62,79.6,163.59,0.97,10373.96,0.72,0.48,0.69,2.06,77.6,160.47,208.1116164,141.0207811,67.515,1,0,0,70.0
612,190228,17256.8,148.23,604.4,89.33,251.53,0.96,17957.4,0.59,0.35,0.59,2.82,86.42,238.83,203.198696,231.2310164,67.515,1,0,0,70.0
613,190228,19242.6,156.53,567.79,114.78,215.48,0.97,19933.73,0.75,0.53,0.73,1.88,113.14,214.93,185.0554457,222.1052594,67.515,1,0,0,70.0
614,190228,13784.18,132.48,523.98,80.81,221.99,0.97,14230.96,0.63,0.36,0.6,2.75,81.3,210.67,245.4388732,235.5249294,67.515,1,0,0,70.0
615,190228,21936.04,167.12,579.08,164.07,174.27,0.98,22497.56,0.82,0.92,0.96,1.06,150.0,190.09,187.0186297,151.2701449,67.515,1,0,0,70.0
616,190228,10958.58,118.12,560.3,76.91,198.97,0.92,11876.92,0.44,0.35,0.59,2.59,76.13,216.1,226.9684981,494.8670924,67.515,1,0,0,70.0
617,190228,8122.56,101.7,439.66,56.19,190.16,0.96,8471.68,0.53,0.29,0.53,3.38,53.53,176.78,172.132442,282.6515529,67.515,1,0,0,70.0
618,190228,15236.82,139.28,533.44,96.55,205.12,0.95,16062.01,0.67,0.46,0.68,2.12,96.6,205.8,172.4237253,406.0045642,67.515,1,0,0,70.0
619,193364,17750.23,150.33,609.75,89.23,257.45,0.97,18344.81,0.6,0.34,0.58,2.89,86.4,249.32,92.08172027,26.06170318,50.565,1,1,0,55.0
620,193364,7382.92,96.95,373.63,62.96,150.74,0.96,7653.81,0.66,0.41,0.64,2.39,61.95,155.01,67.7766931,12.5026017,50.565,1,1,0,55.0
621,193364,7692.84,98.97,429.95,57.74,173.04,0.94,8168.04,0.52,0.33,0.57,3.0,60.78,182.68,86.8231232,33.103791,50.565,1,1,0,55.0
622,193364,9350.32,109.11,460.19,60.55,199.23,0.96,9740.59,0.55,0.3,0.55,3.29,60.62,192.95,70.53100598,24.39564881,50.565,1,1,0,55.0
623,193364,8422.87,103.56,375.92,76.85,140.2,0.97,8684.57,0.75,0.55,0.74,1.82,79.34,145.66,55.2589344,15.00003246,50.565,1,1,0,55.0
624,193364,8551.42,104.35,395.57,105.6,113.72,0.9,9453.63,0.69,0.84,0.92,1.08,105.24,126.59,94.80116417,22.031089,50.565,1,1,0,55.0
625,193364,14196.51,134.45,562.67,84.65,226.57,0.94,15087.24,0.56,0.35,0.59,2.68,87.86,226.09,87.50317818,25.07026302,50.565,1,1,0,55.0
626,193364,12738.46,127.35,510.25,82.85,208.52,0.91,13962.13,0.61,0.37,0.61,2.52,83.71,199.81,74.47627821,20.71729471,50.565,1,1,0,55.0
627,193364,11547.29,121.25,456.55,83.58,179.62,0.96,11990.36,0.7,0.46,0.68,2.15,84.02,173.67,61.75455513,22.29185863,50.565,1,1,0,55.0
628,193364,11434.8,120.66,424.1,106.02,139.6,0.97,11747.02,0.8,0.75,0.86,1.32,104.64,145.4,66.22762223,32.30583369,50.565,1,1,0,55.0
629,193364,10227.27,114.11,503.6,59.4,223.28,0.96,10693.3,0.51,0.26,0.51,3.76,59.25,214.88,129.0740585,37.43467663,50.565,1,1,0,55.0
630,193364,10688.76,116.66,459.31,73.23,189.22,0.94,11315.98,0.64,0.38,0.62,2.58,76.6,182.24,223.2092063,129.226737,50.565,1,1,0,55.0
631,193364,16527.81,145.07,528.87,109.36,193.95,0.97,17031.95,0.74,0.56,0.75,1.77,108.39,198.29,156.8636975,51.31153466,50.565,1,1,0,55.0
632,193364,13798.82,132.55,579.88,70.47,255.0,0.95,14591.72,0.52,0.27,0.52,3.62,70.65,240.13,45.02033454,7.463153871,50.565,1,1,0,55.0
633,194354,7635.39,98.6,373.69,69.58,142.63,0.95,8016.27,0.69,0.48,0.69,2.05,72.11,144.52,136.0,192.0,49.12,1,1,1,50.0
634,194354,9145.01,107.91,392.73,81.79,144.79,0.97,9400.91,0.75,0.56,0.75,1.77,87.32,151.24,93.0,118.0,49.12,1,1,1,50.0
635,194354,7754.41,99.36,363.93,75.41,133.09,0.97,8030.15,0.74,0.56,0.75,1.76,75.78,135.28,103.0,133.0,49.12,1,1,1,50.0
636,194354,13023.21,128.77,446.59,115.28,145.32,0.97,13384.25,0.82,0.79,0.89,1.26,129.12,153.75,225.0,295.0,49.12,1,1,1,50.0
637,194354,3656.02,68.23,245.65,68.14,72.44,0.96,3806.78,0.76,0.89,0.94,1.06,67.24,78.28,116.0,134.0,49.12,1,1,1,50.0
638,194354,6302.32,89.58,310.78,86.28,94.6,0.96,6585.99,0.82,0.9,0.95,1.1,89.44,101.69,157.0,206.0,49.12,1,1,1,50.0
639,194354,17464.79,149.12,586.93,97.07,232.74,0.96,18204.72,0.64,0.41,0.64,2.4,99.29,229.61,91.0,125.0,49.12,1,1,1,50.0
640,194354,15044.63,138.4,511.92,120.76,165.37,0.94,16054.35,0.72,0.7,0.84,1.37,117.85,174.36,138.0,188.0,49.12,1,1,1,50.0
641,194354,8526.09,104.19,463.23,55.3,199.06,0.94,9051.78,0.5,0.27,0.52,3.6,57.75,194.98,137.0,179.0,49.12,1,1,1,50.0
642,194354,4066.65,71.96,278.42,57.79,98.25,0.91,4487.2,0.66,0.54,0.73,1.7,60.13,102.44,210.0,294.0,49.12,1,1,1,50.0
643,194354,5649.67,84.81,326.65,59.18,129.88,0.97,5838.13,0.67,0.43,0.65,2.19,60.56,132.87,658.0,1630.0,49.12,1,1,1,50.0
644,194354,12315.02,125.22,439.95,121.29,133.63,0.96,12834.76,0.8,0.88,0.94,1.1,118.31,152.64,158.0,227.0,49.12,1,1,1,50.0
645,194354,7200.95,95.75,367.4,63.85,147.11,0.97,7450.9,0.67,0.42,0.65,2.3,62.5,148.34,202.0,286.0,49.12,1,1,1,50.0
646,194354,9779.81,111.59,395.34,98.12,130.58,0.96,10228.13,0.79,0.73,0.85,1.33,100.49,141.44,381.0,366.0,49.12,1,1,1,50.0
647,194354,6280.5,89.42,370.07,53.04,155.19,0.97,6506.65,0.58,0.33,0.58,2.93,51.53,143.78,143.0,201.0,49.12,1,1,1,50.0
648,194354,7839.71,99.91,359.06,79.79,127.6,0.97,8089.66,0.76,0.61,0.78,1.6,85.92,132.87,262.0,383.0,49.12,1,1,1,50.0
649,194354,3604.44,67.74,237.96,55.03,84.88,0.97,3711.57,0.8,0.64,0.8,1.54,57.75,87.46,382.0,663.0,49.12,1,1,1,50.0
650,194354,5907.56,86.73,303.15,72.16,106.67,0.97,6062.29,0.81,0.66,0.81,1.48,74.65,114.08,80.0,93.0,49.12,1,1,1,50.0
651,194354,7081.93,94.96,350.76,71.84,128.74,0.94,7518.35,0.72,0.54,0.74,1.79,75.02,131.11,157.0,263.0,49.12,1,1,1,50.0
652,194354,3796.87,69.53,291.34,43.75,121.2,0.93,4094.43,0.56,0.33,0.57,2.77,46.39,121.11,216.0,303.0,49.12,1,1,1,50.0
653,194376,3053.94,62.36,215.69,57.73,68.35,0.97,3163.27,0.82,0.83,0.91,1.18,57.46,73.65,108.507033,122.8040008,50.02,1,1,0,55.0
654,194376,13322.57,130.24,463.09,109.75,156.8,0.98,13577.68,0.78,0.69,0.83,1.43,112.17,161.94,178.9804297,174.0646456,50.02,1,1,0,55.0
655,194376,2564.56,57.14,210.77,48.66,69.47,0.95,2687.42,0.73,0.68,0.82,1.43,45.18,70.88,46.23366776,64.35207188,50.02,1,1,0,55.0
656,194376,6424.41,90.44,364.43,51.67,159.93,0.97,6653.48,0.61,0.32,0.57,3.1,51.02,155.32,89.01867054,100.9627832,50.02,1,1,0,55.0
657,194376,14781.34,137.19,498.63,121.36,160.51,0.96,15383.17,0.75,0.73,0.85,1.32,129.59,167.49,44.37379008,55.74556359,50.02,1,1,0,55.0
658,194376,14097.25,133.97,499.97,102.99,178.51,0.98,14358.6,0.71,0.56,0.75,1.73,97.96,183.06,48.3520581,84.92279123,50.02,1,1,0,55.0
659,194376,4753.23,77.79,294.94,56.16,110.43,0.95,5009.37,0.69,0.5,0.7,1.97,57.68,116.2,424.5004231,202.1755285,50.02,1,1,0,55.0
660,194376,5440.44,83.23,299.86,68.7,103.18,0.96,5671.6,0.76,0.65,0.81,1.5,70.04,106.12,49.66409325,78.23251208,50.02,1,1,0,55.0
661,194376,4750.1,77.77,283.89,64.59,96.25,0.95,4981.26,0.74,0.65,0.81,1.49,65.18,102.72,420.6872301,234.1719967,50.02,1,1,0,55.0
662,194376,3624.53,67.93,232.87,65.1,73.04,0.97,3740.11,0.84,0.87,0.93,1.12,64.94,75.43,82.16935921,177.7999406,50.02,1,1,0,55.0
663,194376,2995.63,61.76,225.8,50.56,80.06,0.97,3090.38,0.74,0.6,0.77,1.58,51.15,81.85,124.5529705,117.6930511,50.02,1,1,0,55.0
664,194376,6356.73,89.96,326.79,73.36,112.23,0.96,6646.19,0.75,0.64,0.8,1.53,72.02,113.89,400.1849234,336.1221364,50.02,1,1,0,55.0
665,194454,16876.56,146.59,558.57,137.72,171.51,0.94,18031.25,0.68,0.73,0.85,1.25,140.78,185.51,142.7329677,325.1057746,51.967,0,1,1,55.0
666,194454,12289.06,125.09,442.21,112.6,142.59,0.98,12590.63,0.79,0.77,0.88,1.27,123.79,156.01,371.6974837,933.1510253,51.967,0,1,1,55.0
667,194454,11660.94,121.85,437.61,109.34,141.76,0.94,12440.63,0.77,0.74,0.86,1.3,115.31,147.51,177.6936728,276.0366792,51.967,0,1,1,55.0
668,194454,19956.25,159.4,575.34,146.74,176.1,0.97,20657.81,0.76,0.82,0.91,1.2,143.32,186.52,154.1932439,342.4655121,51.967,0,1,1,55.0
669,194454,14862.5,137.56,499.61,103.03,186.66,0.97,15326.56,0.75,0.54,0.74,1.81,106.95,188.02,137.8760138,333.712755,51.967,0,1,1,55.0
670,194454,22407.81,168.91,580.5,164.5,176.63,0.97,23001.56,0.84,0.91,0.96,1.07,158.39,187.5,254.3895062,470.2908926,51.967,0,1,1,55.0
671,194454,8381.25,103.3,387.94,100.24,112.61,0.93,8990.63,0.7,0.84,0.92,1.12,105.96,121.0,156.7071668,302.6593372,51.967,0,1,1,55.0
672,194454,8485.94,103.95,368.97,92.16,119.54,0.96,8825.0,0.78,0.76,0.87,1.3,91.25,123.4,140.4305286,326.3442958,51.967,0,1,1,55.0
673,194454,16740.63,146.0,520.52,118.28,183.08,0.97,17281.25,0.78,0.64,0.8,1.55,121.98,183.58,170.23305,383.3004519,51.967,0,1,1,55.0
674,194454,23143.75,171.66,648.8,139.3,220.3,0.95,24320.31,0.69,0.61,0.78,1.58,146.37,245.41,245.1574279,538.3289576,51.967,0,1,1,55.0
675,194454,22475.0,169.16,602.06,157.88,185.43,0.96,23387.5,0.78,0.83,0.91,1.17,168.15,197.77,254.1024792,523.6334526,51.967,0,1,1,55.0
676,194454,15639.06,141.11,517.01,125.03,166.3,0.95,16485.94,0.74,0.72,0.85,1.33,130.97,171.03,104.932878,183.3578194,51.967,0,1,1,55.0
677,194454,11496.88,120.99,425.17,107.98,138.14,0.96,11954.69,0.8,0.77,0.88,1.28,104.3,140.77,119.1305494,246.8709032,51.967,0,1,1,55.0
678,194454,32987.5,204.94,735.88,165.1,258.43,0.96,34190.63,0.77,0.63,0.79,1.57,163.71,257.03,146.8072066,191.3705907,51.967,0,1,1,55.0
679,194747,8224.85,102.33,362.93,96.72,110.9,0.98,8408.63,0.78,0.85,0.92,1.15,103.22,119.41,165.6228026,331.0562472,47.991,1,0,1,50.0
680,194747,5401.3,82.93,293.52,70.07,99.15,0.97,5596.69,0.79,0.7,0.84,1.42,77.03,104.26,430.1084433,258.3729983,47.991,1,0,1,50.0
681,194747,4474.53,75.48,287.08,57.08,103.97,0.95,4711.47,0.68,0.53,0.73,1.82,55.52,105.22,368.7893772,298.7819755,47.991,1,0,1,50.0
682,194747,4224.34,73.34,278.03,47.8,113.68,0.98,4292.82,0.69,0.42,0.65,2.38,48.25,112.21,208.1942788,101.9213616,47.991,1,0,1,50.0
683,194747,4663.53,77.06,291.26,56.27,109.4,0.96,4875.82,0.69,0.5,0.7,1.94,57.92,112.33,216.0809325,173.43412,47.991,1,0,1,50.0
684,194747,8224.85,102.33,362.93,96.72,110.9,0.98,8408.63,0.78,0.85,0.92,1.15,103.22,119.41,158.6630721,378.0906917,47.991,1,0,1,50.0
685,194747,4662.16,77.05,270.65,73.06,82.96,0.97,4807.8,0.8,0.86,0.93,1.14,69.41,89.84,55.18185106,28.19172604,47.991,1,0,1,50.0
686,194747,5394.91,82.88,291.68,75.15,92.12,0.97,5567.48,0.8,0.81,0.9,1.23,77.51,95.97,141.7399923,111.8564696,47.991,1,0,1,50.0
687,194747,6196.59,88.82,313.41,74.03,108.19,0.97,6365.5,0.79,0.67,0.82,1.46,77.7,114.27,267.0949381,202.833382,47.991,1,0,1,50.0
688,194747,6151.84,88.5,374.83,47.44,170.07,0.96,6386.05,0.55,0.27,0.52,3.59,45.16,155.56,196.6240961,127.050582,47.991,1,0,1,50.0
689,194747,6304.78,89.6,335.24,65.3,125.16,0.95,6611.58,0.7,0.51,0.72,1.92,65.85,124.85,70.4387417,38.70213418,47.991,1,0,1,50.0
690,194747,8094.41,101.52,398.77,75.28,141.68,0.93,8707.54,0.64,0.51,0.72,1.88,75.2,141.74,31.90321035,12.07530844,47.991,1,0,1,50.0
691,194747,5115.5,80.7,303.98,59.98,110.4,0.96,5312.27,0.7,0.53,0.73,1.84,65.17,119.39,145.8370191,68.96708104,47.991,1,0,1,50.0
692,194747,7588.85,98.3,351.66,75.04,130.06,0.98,7744.7,0.77,0.57,0.76,1.73,77.85,133.5,234.8376874,482.2833136,47.991,1,0,1,50.0
693,194747,13405.7,130.65,580.4,71.88,245.92,0.97,13828.21,0.5,0.28,0.53,3.42,66.05,234.14,261.232051,187.7641754,47.991,1,0,1,50.0
694,194747,8406.38,103.46,477.12,51.54,210.68,0.95,8818.52,0.46,0.24,0.49,4.09,55.84,206.82,458.3546184,502.3489211,47.991,1,0,1,50.0
695,194747,8406.38,103.46,477.12,51.54,210.68,0.95,8818.52,0.46,0.24,0.49,4.09,55.84,206.82,403.4854934,436.0912159,47.991,1,0,1,50.0
696,194762,9239.09,108.46,389.95,91.12,131.54,0.96,9665.31,0.76,0.68,0.82,1.44,90.96,135.63,256.0534673,420.8571151,46.553,1,0,1,50.0
697,194762,14559.91,136.16,501.25,115.9,166.58,0.96,15156.25,0.73,0.67,0.82,1.44,115.31,178.01,496.2979344,1326.243874,46.553,1,0,1,50.0
698,194762,4467.46,75.42,273.82,66.87,87.58,0.97,4602.44,0.75,0.74,0.86,1.31,62.27,90.74,860.4897303,1948.800511,46.553,1,0,1,50.0
699,194762,5037.91,80.09,290.62,59.9,108.79,0.95,5279.22,0.75,0.54,0.74,1.82,59.94,104.67,1220.622411,2877.059722,46.553,1,0,1,50.0
700,194762,10380.81,114.97,422.29,114.13,122.15,0.94,11083.99,0.73,0.89,0.94,1.07,112.21,138.37,1040.486453,2418.591341,46.553,1,0,1,50.0
701,194762,8102.55,101.57,362.21,102.71,104.77,0.96,8439.06,0.78,0.94,0.97,1.02,100.06,117.67,1003.55908,3096.053805,46.553,1,0,1,50.0
702,194762,9572.06,110.4,389.81,86.25,142.95,0.97,9822.79,0.79,0.6,0.77,1.66,90.29,144.93,821.0936184,2070.053589,46.553,1,0,1,50.0
703,194762,7356.96,96.78,416.01,58.99,166.36,0.93,7919.69,0.53,0.34,0.58,2.82,61.04,167.47,408.3691265,720.429807,46.553,1,0,1,50.0
704,194762,12539.35,126.36,505.1,85.13,194.0,0.95,13221.79,0.62,0.42,0.65,2.28,84.44,191.77,559.7230844,1105.955115,46.553,1,0,1,50.0
705,194762,8663.09,105.02,372.33,100.17,116.0,0.98,8861.87,0.79,0.82,0.91,1.16,99.82,121.09,253.096782,433.5225859,46.553,1,0,1,50.0
706,194762,5943.97,86.99,328.58,62.17,123.97,0.96,6177.88,0.69,0.49,0.7,1.99,61.54,128.4,600.8167168,1245.806509,46.553,1,0,1,50.0
707,194762,7582.29,98.26,375.59,78.49,129.76,0.93,8148.11,0.68,0.57,0.76,1.65,90.95,138.68,487.625164,891.2057757,46.553,1,0,1,50.0
708,194763,8427.38,103.59,355.17,87.59,123.73,0.99,8548.42,0.84,0.7,0.84,1.41,83.53,121.96,97.42446906,70.95039858,47.963,0,1,0,50.0
709,194763,7420.79,97.2,340.64,79.99,119.97,0.98,7588.11,0.8,0.66,0.81,1.5,79.25,128.58,101.6123939,68.59697396,47.963,0,1,0,50.0
710,194763,2864.55,60.39,204.05,55.85,66.57,0.98,2923.93,0.86,0.82,0.91,1.19,56.84,69.75,73.68569838,61.99135311,47.963,0,1,0,50.0
711,194763,9644.05,110.81,378.56,107.78,114.94,0.98,9818.79,0.85,0.93,0.96,1.07,106.42,117.71,77.36514518,48.05951451,47.963,0,1,0,50.0
712,194763,6884.25,93.62,320.97,80.12,110.63,0.98,7022.0,0.84,0.72,0.85,1.38,80.77,114.74,135.1537122,95.33917885,47.963,0,1,0,50.0
713,194763,8614.09,104.73,390.29,75.45,149.47,0.97,8917.34,0.71,0.49,0.7,1.98,72.4,147.17,111.7848007,83.38787747,47.963,0,1,0,50.0
714,194763,4147.56,72.67,250.72,63.87,83.91,0.98,4243.71,0.83,0.75,0.87,1.31,70.19,91.0,73.47758312,64.17928317,47.963,0,1,0,50.0
715,194763,2979.84,61.6,217.56,58.52,66.92,0.96,3115.75,0.79,0.85,0.92,1.14,61.43,75.23,72.30933614,46.67568484,47.963,0,1,0,50.0
716,194763,7723.63,99.17,338.48,86.35,114.2,0.98,7860.31,0.85,0.75,0.87,1.32,86.4,117.49,142.3864127,86.74522858,47.963,0,1,0,50.0
717,194763,5868.16,86.44,303.8,76.88,99.38,0.97,6063.24,0.8,0.76,0.87,1.29,83.8,102.47,97.56313054,90.8422926,47.963,0,1,0,50.0
718,194763,5016.64,79.92,279.79,68.86,95.47,0.98,5142.38,0.81,0.7,0.84,1.39,69.04,99.27,101.7520971,102.7839872,47.963,0,1,0,50.0
719,194763,8482.8,103.93,347.7,93.53,115.8,0.99,8589.13,0.88,0.81,0.9,1.24,95.19,117.55,64.87530026,45.18460577,47.963,0,1,0,50.0
720,194763,8092.64,101.51,388.51,77.29,137.23,0.95,8548.45,0.67,0.55,0.74,1.78,73.54,139.42,124.9607476,98.6246014,47.963,0,1,0,50.0
721,194763,8884.99,106.36,367.92,98.71,115.78,0.98,9085.61,0.82,0.84,0.92,1.17,102.41,126.01,150.6816002,86.98729005,47.963,0,1,0,50.0
722,194763,6992.42,94.36,327.67,80.87,111.03,0.98,7107.06,0.82,0.72,0.85,1.37,93.19,116.49,90.42577696,59.7203964,47.963,0,1,0,50.0
723,194763,9056.95,107.39,385.93,87.85,132.62,0.98,9266.83,0.76,0.66,0.81,1.51,85.97,139.28,114.155081,79.91338009,47.963,0,1,0,50.0
728,199029,5558.48,84.13,372.21,48.17,153.85,0.95,5845.57,0.5,0.3,0.55,3.19,47.01,146.92,233.8156263,784.2751395,49.117,1,0,1,50.0
729,199029,6890.93,93.67,390.33,59.57,150.27,0.94,7321.21,0.57,0.39,0.62,2.52,61.54,152.21,309.2703744,279.509232,49.117,1,0,1,50.0
730,199029,6098.33,88.12,413.22,50.9,166.57,0.86,7097.67,0.45,0.28,0.53,3.27,57.41,165.18,478.7648739,452.1116779,49.117,1,0,1,50.0
731,199029,4903.21,79.01,335.27,78.45,85.48,0.89,5483.23,0.55,0.85,0.92,1.09,81.13,94.28,815.3444192,1376.255856,49.117,1,0,1,50.0
732,199029,4817.01,78.31,387.03,44.6,148.77,0.91,5304.26,0.4,0.28,0.53,3.34,52.43,162.86,388.1679282,344.7372049,49.117,1,0,1,50.0
733,199029,6386.88,90.18,356.62,65.57,129.36,0.95,6708.31,0.63,0.49,0.7,1.97,69.46,138.98,910.2954874,1411.308692,49.117,1,0,1,50.0
734,199029,2238.29,53.38,264.34,30.18,105.45,0.87,2575.79,0.4,0.26,0.51,3.49,35.9,114.0,292.620707,159.8704682,49.117,1,0,1,50.0
735,199029,1572.8,44.75,198.42,28.62,72.62,0.92,1713.05,0.5,0.38,0.62,2.54,28.95,79.28,119.1845382,72.58584999,49.117,1,0,1,50.0
736,199029,8352.69,103.13,522.08,53.33,220.33,0.86,9674.92,0.39,0.22,0.47,4.13,56.14,213.68,331.9013269,354.0329635,49.117,1,0,1,50.0
737,199029,4975.53,79.59,312.82,51.45,125.06,0.97,5129.67,0.64,0.41,0.64,2.43,50.77,121.6,852.9396773,1530.718033,49.117,1,0,1,50.0
738,199029,5182.99,81.24,341.44,62.86,108.85,0.93,5594.27,0.56,0.56,0.75,1.73,63.69,114.99,373.301404,273.7099765,49.117,1,0,1,50.0
739,199029,6911.39,93.81,338.65,75.89,119.02,0.97,7112.28,0.76,0.62,0.79,1.57,74.86,123.77,1070.644106,1733.36051,49.117,1,0,1,50.0
740,206779,42297.67,232.07,860.22,172.19,315.28,0.97,43803.16,0.72,0.54,0.74,1.83,172.3,324.84,111.9709305,272.5496376,50.72,1,1,1,55.0
741,206779,26650.05,184.21,720.81,127.3,274.54,0.95,27945.89,0.64,0.45,0.67,2.16,130.57,295.72,87.8368398,251.776525,50.72,1,1,1,55.0
742,206779,31491.63,200.24,723.26,171.97,236.26,0.95,32990.39,0.76,0.72,0.85,1.37,186.82,254.0,77.10580318,216.8437248,50.72,1,1,1,55.0
743,206779,33969.38,207.97,819.91,131.64,334.43,0.97,35172.66,0.63,0.39,0.62,2.54,132.68,331.27,111.1621245,119.3921452,50.72,1,1,1,55.0
744,206779,40809.33,227.95,870.54,155.28,340.08,0.97,42016.46,0.68,0.45,0.67,2.19,150.09,332.49,97.37156866,283.520597,50.72,1,1,1,55.0
745,206779,32367.39,203.01,760.22,148.12,283.27,0.97,33517.27,0.7,0.51,0.72,1.91,148.75,292.82,98.9963314,135.2387984,50.72,1,1,1,55.0
746,206779,27589.89,187.43,663.67,163.19,218.11,0.97,28433.61,0.79,0.74,0.86,1.34,182.89,232.9,178.3444159,263.7807604,50.72,1,1,1,55.0
747,206779,48676.27,248.95,883.15,212.53,293.24,0.97,50202.33,0.78,0.72,0.85,1.38,214.92,301.94,124.5323521,142.8323079,50.72,1,1,1,55.0
748,206779,75990.08,311.05,1238.48,240.66,421.71,0.94,80971.9,0.62,0.54,0.74,1.75,238.35,462.78,88.41532855,234.5228752,50.72,1,1,1,55.0
749,206779,58807.4,273.63,1093.25,180.26,426.06,0.97,60808.12,0.62,0.41,0.64,2.36,181.22,438.0,25.5303877,37.81437873,50.72,1,1,1,55.0
750,206779,69508.72,297.49,1036.44,240.54,370.0,0.99,70395.16,0.81,0.65,0.8,1.54,236.52,371.62,42.39657388,81.32427155,50.72,1,1,1,55.0
751,206779,69519.4,297.51,1235.89,173.08,526.12,0.97,71758.63,0.57,0.32,0.57,3.04,163.12,487.85,62.68284531,160.4340712,50.72,1,1,1,55.0
752,206779,87846.21,334.44,1480.77,215.86,550.26,0.94,93520.83,0.5,0.37,0.61,2.55,196.09,547.16,83.71520069,117.7437698,50.72,1,1,1,55.0
753,206779,78882.16,316.92,1205.13,227.16,457.23,0.97,81217.52,0.68,0.48,0.69,2.01,218.34,460.35,68.93839529,198.5083301,50.72,1,1,1,55.0
754,206779,50658.6,253.97,1107.77,132.72,495.6,0.97,52075.47,0.52,0.26,0.51,3.73,125.79,487.23,55.32705367,158.6055755,50.72,1,1,1,55.0
755,206779,109983.47,374.21,1707.95,189.45,760.42,0.97,113576.86,0.47,0.24,0.49,4.01,173.92,704.23,46.9401432,138.0078891,50.72,1,1,1,55.0
756,206779,52416.53,258.34,936.73,250.05,273.73,0.95,55434.71,0.75,0.89,0.94,1.09,261.61,291.01,112.4027621,289.8647832,50.72,1,1,1,55.0
757,206779,49894.21,252.05,877.85,229.92,279.71,0.97,51319.01,0.81,0.81,0.9,1.22,220.11,286.44,100.8908689,276.0844047,50.72,1,1,1,55.0
758,206779,79312.4,317.78,1129.0,271.84,378.15,0.98,81216.53,0.78,0.71,0.84,1.39,264.9,380.84,83.81971346,239.3679222,50.72,1,1,1,55.0
759,206779,55742.15,266.41,984.11,236.77,311.79,0.94,59008.26,0.72,0.73,0.85,1.32,238.43,354.08,104.4693337,285.3949559,50.72,1,1,1,55.0
760,206779,86925.62,332.68,1393.27,202.54,575.92,0.92,94528.93,0.56,0.33,0.58,2.84,216.18,530.72,103.477411,218.6723855,50.72,1,1,1,55.0
761,206779,77494.21,314.12,1187.31,287.77,349.5,0.92,83963.64,0.69,0.81,0.9,1.21,294.16,364.39,40.1735526,72.78357814,50.72,1,1,1,55.0
762,206779,55861.16,266.69,1039.17,195.05,375.38,0.96,57970.25,0.65,0.5,0.71,1.92,181.68,360.32,64.69021152,140.4243834,50.72,1,1,1,55.0
763,206779,63685.95,284.76,1070.14,252.23,334.66,0.94,67824.79,0.7,0.72,0.85,1.33,285.24,347.86,292.7289573,319.5441613,50.72,1,1,1,55.0
764,206779,36961.59,216.94,857.23,156.62,305.52,0.95,38909.47,0.63,0.5,0.71,1.95,164.3,331.62,65.34899714,188.4376847,50.72,1,1,1,55.0
765,206779,66652.95,291.32,1104.42,202.32,429.74,0.97,68494.51,0.69,0.46,0.68,2.12,193.85,419.84,235.7835904,232.2938677,50.72,1,1,1,55.0
766,206779,62442.15,281.96,971.19,240.83,331.08,0.98,63478.11,0.83,0.73,0.85,1.37,249.06,345.06,42.12182896,89.74170638,50.72,1,1,1,55.0
767,207518,3656.62,68.23,255.31,53.17,89.88,0.96,3819.58,0.7,0.58,0.76,1.69,49.75,89.97,590.5344534,412.4299398,51.9,1,0,1,55.0
768,207518,4420.17,75.02,264.24,65.77,86.9,0.96,4602.05,0.8,0.75,0.86,1.32,66.52,89.23,468.8666383,152.6055919,51.9,1,0,1,55.0
