,epoch,Trial,concordance_cc,loss,mape_metric,pearson_cc,r_square,smape_metric,val_concordance_cc,val_loss,val_mape_metric,val_pearson_cc,val_r_square,val_smape_metric
0,0,0,-0.0604532025754451,2210.3212890625,74.52545928955078,-0.3598932027816772,-44.59295272827149,66.58643341064453,-0.3223102986812591,391.3597717285156,29.1578369140625,-0.4568285346031189,-7.020069122314453,15.14599609375
1,1,0,-0.2700434625148773,291.068359375,23.92226219177246,-0.3557590544223785,-4.964737892150879,12.42502212524414,-0.2784427106380462,252.2863006591797,22.34454917907715,-0.3605191111564636,-4.155468940734863,11.694031715393066
2,2,0,-0.2030240148305893,180.4495391845703,18.911272048950195,-0.2360084950923919,-2.681999683380127,9.66567611694336,-0.1520399302244186,154.6601104736328,17.265777587890625,-0.1809850186109542,-2.1442341804504395,8.840888977050781
3,3,0,0.0167121607810258,111.32868194580078,14.761184692382812,0.0192059073597192,-1.2554717063903809,7.512577533721924,0.1058344990015029,96.00750732421876,13.307629585266112,0.1071163415908813,-0.9358428716659546,6.800354957580566
4,4,0,0.2708353400230407,76.43734741210938,11.884662628173828,0.2889076471328735,-0.5355225801467896,6.094513416290283,0.3198574781417846,69.22359466552734,10.896814346313477,0.325284868478775,-0.3843057155609131,5.58970832824707
5,5,0,0.4302202761173248,58.72603988647461,9.944071769714355,0.4520649015903473,-0.1703689098358154,5.111538887023926,0.451650857925415,54.04998779296875,9.270861625671388,0.4564061164855957,-0.0721367597579956,4.743162155151367
6,6,0,0.5334643125534058,46.7350959777832,8.577677726745605,0.5542225241661072,0.0766592025756836,4.392560958862305,0.5476680994033813,43.2400016784668,8.079301834106445,0.5527966618537903,0.1501219272613525,4.110306262969971
7,7,0,0.6142998933792114,37.53976821899414,7.553676128387451,0.6339802145957947,0.2660142183303833,3.845679759979248,0.6313294172286987,34.566123962402344,7.1018385887146,0.638043224811554,0.3284172415733337,3.589747905731201
8,8,0,0.6813755631446838,30.329334259033203,6.706395626068115,0.7004597783088684,0.4144335389137268,3.3934240341186523,0.6939541101455688,28.302892684936523,6.39989185333252,0.7029973864555359,0.457030713558197,3.2134909629821777
9,9,0,0.7334633469581604,24.95081901550293,6.032578468322754,0.7523757815361023,0.5250222086906433,3.0362439155578613,0.7438421845436096,23.71549224853516,5.926990509033203,0.7548739910125732,0.5511304140090942,2.961080312728882
10,10,0,0.7743254899978638,21.06529998779297,5.520086288452148,0.7930301427841187,0.6048097610473633,2.767506599426269,0.782418429851532,20.34248161315918,5.574565887451172,0.7949341535568237,0.6202093362808228,2.7699573040008545
11,11,0,0.8038689494132996,18.36490249633789,5.15385627746582,0.8230183124542236,0.6601462364196777,2.5767178535461426,0.8094877004623413,18.06826400756836,5.239601135253906,0.8225603103637695,0.6666804552078247,2.593109607696533
12,12,0,0.82518470287323,16.483335494995117,4.87227725982666,0.8448426127433777,0.6985940933227539,2.430436372756958,0.8280397653579712,16.53407859802246,4.955159187316895,0.8412266969680786,0.6979045867919922,2.4447453022003174
13,13,0,0.839275598526001,15.266467094421388,4.663025856018066,0.8595411777496338,0.7233209013938904,2.321733236312866,0.8403234481811523,15.510658264160156,4.726476192474365,0.8535350561141968,0.71860671043396,2.3273744583129883
14,14,0,0.8490468263626099,14.427312850952148,4.5021491050720215,0.8695420026779175,0.7402493953704834,2.238525629043579,0.8497391939163208,14.754045486450195,4.559786319732666,0.8626147508621216,0.7338036298751831,2.2421715259552
15,15,0,0.8560903668403625,13.821212768554688,4.377520561218262,0.8767659664154053,0.7523634433746338,2.1746273040771484,0.8570343852043152,14.142662048339844,4.424804210662842,0.8694483041763306,0.7460085153579712,2.174617290496826
16,16,0,0.8616548180580139,13.33922004699707,4.269283771514893,0.8821970820426941,0.7619209289550781,2.1195788383483887,0.8624340891838074,13.684847831726074,4.3152689933776855,0.874596893787384,0.7550568580627441,2.119142532348633
17,17,0,0.865844190120697,12.970497131347656,4.184159278869629,0.8864099979400635,0.7691507339477539,2.0763285160064697,0.8664433360099792,13.369993209838867,4.229391098022461,0.8784266710281372,0.7611757516860962,2.074756383895874
18,18,0,0.8692209720611572,12.678701400756836,4.11739444732666,0.8897502422332764,0.7748088836669922,2.042724847793579,0.8704441785812378,13.016507148742676,4.151990413665772,0.88185054063797,0.7681028842926025,2.0373101234436035
19,19,0,0.8723684549331665,12.39744472503662,4.050797462463379,0.8927406072616577,0.7802603244781494,2.00931978225708,0.8737280964851379,12.715749740600586,4.086696147918701,0.8846346735954285,0.7739553451538086,2.0057601928710938
20,20,0,0.875067412853241,12.155468940734863,3.994543075561523,0.8953890204429626,0.7849189043045044,1.9811828136444087,0.8760498762130737,12.50668239593506,4.034045219421387,0.886595606803894,0.7779334783554077,1.9799509048461916
21,21,0,0.8772570490837097,11.961355209350586,3.950662612915039,0.897590696811676,0.788603663444519,1.959298849105835,0.878765881061554,12.253664016723633,3.973700761795044,0.8886820673942566,0.7828311920166016,1.9516721963882449
22,22,0,0.8795868754386902,11.748648643493652,3.90366792678833,0.8997495174407959,0.7926866412162781,1.9357922077178955,0.8806092143058777,12.088172912597656,3.929964780807495,0.8903090357780457,0.7859430313110352,1.9299495220184328
23,23,0,0.8815285563468933,11.573548316955566,3.8648972511291504,0.9014832973480223,0.7960079908370972,1.916342854499817,0.8828921318054199,11.861913681030272,3.877711057662964,0.8920975923538208,0.790317952632904,1.9058160781860352
24,24,0,0.883395791053772,11.406755447387695,3.826958179473877,0.9031195640563964,0.7991737127304077,1.8973889350891116,0.8845340609550476,11.724916458129885,3.8381190299987793,0.8935803174972534,0.7928698062896729,1.8859615325927732
25,25,0,0.8848198056221008,11.280807495117188,3.797373533248901,0.9043993353843688,0.8015064001083374,1.8825724124908447,0.8853973150253296,11.646995544433594,3.809879779815674,0.8945063352584839,0.794213056564331,1.8713362216949463
26,26,0,0.8860815167427063,11.16949462890625,3.771791219711304,0.9054730534553528,0.8035451173782349,1.8697762489318848,0.8872071504592896,11.466044425964355,3.7688472270965576,0.8959123492240906,0.7976868152618408,1.85262143611908
27,27,0,0.887510359287262,11.038400650024414,3.740886688232422,0.9066488742828368,0.8060023784637451,1.854336500167847,0.8881145715713501,11.377619743347168,3.744879961013794,0.8967658877372742,0.7992655038833618,1.840907335281372
28,28,0,0.8886399865150452,10.937139511108398,3.718106508255005,0.9076443314552308,0.8078536987304688,1.842907428741455,0.8893749117851257,11.2686767578125,3.7239558696746826,0.8978351354598999,0.8012756109237671,1.8307853937149048
29,29,0,0.8897514343261719,10.839653968811035,3.694082975387573,0.908506155014038,0.8096342086791992,1.830917239189148,0.8906938433647156,11.127630233764648,3.6918537616729736,0.898958683013916,0.803956151008606,1.8158289194107056
30,30,0,0.8907444477081299,10.748226165771484,3.6733784675598153,0.9093826413154602,0.8113019466400146,1.820677161216736,0.8916807174682617,11.029500007629396,3.662766218185425,0.899944007396698,0.8057628273963928,1.8014957904815676
31,31,0,0.8916509747505188,10.665641784667969,3.654937028884888,0.9101479649543762,0.8127955794334412,1.8115946054458616,0.8925495147705078,10.956493377685549,3.644262790679932,0.9006826281547546,0.8070589900016785,1.792493224143982
32,32,0,0.8924016952514648,10.597683906555176,3.639709234237671,0.9107828140258788,0.8139931559562683,1.8040354251861568,0.8932709693908691,10.881556510925291,3.622558116912842,0.9014366269111632,0.8084020018577576,1.781625509262085
33,33,0,0.8930498957633972,10.540445327758787,3.628039121627808,0.91136372089386,0.8149780035018921,1.7983357906341553,0.8939430117607117,10.808591842651367,3.605856418609619,0.901986300945282,0.8097127079963684,1.7738962173461914
34,34,0,0.8937602639198303,10.473753929138184,3.609180450439453,0.9119268655776978,0.8161638379096985,1.7890383005142212,0.894304096698761,10.767369270324709,3.599297285079956,0.9022919535636902,0.8103753328323364,1.771008849143982
35,35,0,0.8943593502044678,10.420524597167969,3.597209930419922,0.9124633073806764,0.8170816898345947,1.783171534538269,0.8947619199752808,10.72628116607666,3.587044239044189,0.9027082324028016,0.8110451698303223,1.7646896839141846
36,36,0,0.8948795795440674,10.37425708770752,3.5831549167633057,0.9128677248954772,0.8178613185882568,1.7762631177902222,0.8957663774490356,10.606471061706545,3.561126232147217,0.9033363461494446,0.8133406639099121,1.7538286447525024
37,37,0,0.8956437110900879,10.301556587219238,3.564619541168213,0.913453221321106,0.8191933631896973,1.767060399055481,0.8961471319198608,10.571732521057127,3.551948070526123,0.9037247896194458,0.813890814781189,1.7491155862808228
38,38,0,0.8961154222488403,10.258940696716309,3.5545148849487305,0.913914144039154,0.8199125528335571,1.7620066404342651,0.8965047001838684,10.537439346313477,3.5459113121032715,0.904028058052063,0.8144400715827942,1.7464454174041748
39,39,0,0.896605908870697,10.214420318603516,3.5422887802124023,0.914308786392212,0.8206759095191956,1.7558501958847046,0.8968116044998169,10.502120971679688,3.5321624279022217,0.9043510556221008,0.8150169849395752,1.7391761541366575
40,40,0,0.8971145749092102,10.168556213378906,3.5302062034606934,0.9145739078521729,0.821474015712738,1.7499006986618042,0.8977711796760559,10.389161109924316,3.514680862426758,0.9050896763801576,0.8171958327293396,1.7320640087127686
41,41,0,0.8976138830184937,10.117754936218262,3.517338752746582,0.9150428771972656,0.8223773241043091,1.743452787399292,0.8977810144424438,10.384268760681152,3.5062949657440186,0.9051353335380554,0.8171613216400146,1.7276687622070312
42,42,0,0.898063063621521,10.078246116638184,3.508566379547119,0.9153990149497986,0.8230594992637634,1.7390426397323608,0.8983421325683594,10.321908950805664,3.494030475616455,0.9056361317634584,0.8183047771453857,1.7219089269638062
43,43,0,0.8984840512275696,10.039706230163574,3.498974323272705,0.9156920313835144,0.8237146139144897,1.7342528104782104,0.8991738557815552,10.219697952270508,3.4729912281036377,0.9063106775283812,0.8202729225158691,1.7125022411346436
44,44,0,0.8990120887756348,9.985421180725098,3.4852116107940674,0.9161404371261596,0.8247008919715881,1.727315902709961,0.899182140827179,10.211652755737305,3.4684128761291504,0.9064445495605468,0.8203098773956299,1.7095428705215454
45,45,0,0.8994496464729309,9.942602157592772,3.4740679264068604,0.9164791703224182,0.8254604935646057,1.721806883811951,0.8991888761520386,10.201445579528809,3.45988392829895,0.9065362215042114,0.8204016089439392,1.705143690109253
46,46,0,0.8999143242835999,9.900571823120115,3.461833953857422,0.91679847240448,0.8262078762054443,1.715720295906067,0.9000104069709778,10.103363037109377,3.438047409057617,0.907290816307068,0.8223026394844055,1.6950547695159912
47,47,0,0.9004772901535034,9.8487548828125,3.44826889038086,0.917198359966278,0.8271623253822327,1.7089636325836182,0.9002952575683594,10.081317901611328,3.436246156692505,0.907589077949524,0.822644054889679,1.6940500736236572
48,48,0,0.900930881500244,9.802595138549805,3.4343180656433105,0.9175240397453308,0.828004002571106,1.7019765377044678,0.9005969762802124,10.045965194702148,3.4265270233154297,0.9079330563545228,0.8232625722885132,1.6894123554229736
49,49,0,0.9013758301734924,9.763670921325684,3.424816846847534,0.9178420901298524,0.8286980986595154,1.6972514390945437,0.9010927081108092,9.997247695922852,3.416321277618408,0.9083601236343384,0.8241568207740784,1.6847038269042969
50,50,0,0.9018237590789796,9.72282886505127,3.413486957550049,0.9182010889053344,0.8294320702552795,1.6916424036026,0.9012359380722046,9.97451877593994,3.405353546142578,0.908494770526886,0.8245183229446411,1.6794941425323486
51,51,0,0.90217262506485,9.69035816192627,3.407387971878052,0.9185277223587036,0.8299989700317383,1.6886579990386963,0.90156888961792,9.93041706085205,3.396740436553955,0.9088683128356934,0.8253266215324402,1.675210952758789
52,52,0,0.9026399254798888,9.648099899291992,3.3945305347442627,0.918888509273529,0.8307722210884094,1.6822545528411863,0.9019855260849,9.893424987792969,3.38655424118042,0.9092360734939576,0.8259899020195007,1.6701828241348269
53,53,0,0.9030317664146424,9.611056327819824,3.386297702789306,0.919184684753418,0.8314385414123535,1.6781163215637207,0.9023383855819702,9.861676216125488,3.377554655075073,0.9096468687057496,0.8265485763549805,1.6653934717178345
54,54,0,0.9033054709434508,9.583914756774902,3.378965139389038,0.9194295406341552,0.8319018483161926,1.6743913888931274,0.9024959802627563,9.83365535736084,3.3655617237091064,0.9097479581832886,0.8270318508148193,1.6598424911499023
55,55,0,0.9037794470787048,9.542974472045898,3.367647409439087,0.9197700619697572,0.8326531052589417,1.6687276363372805,0.9028568267822266,9.790654182434082,3.348264694213867,0.9101417660713196,0.827824592590332,1.6513179540634155
56,56,0,0.9040864706039428,9.514573097229004,3.36002779006958,0.9200782775878906,0.8331494331359863,1.6649771928787231,0.9032071232795716,9.75027847290039,3.336500644683838,0.9103924632072448,0.8285689949989319,1.6458297967910769
57,57,0,0.9044663906097412,9.481036186218262,3.352569580078125,0.9203545451164246,0.8337558507919312,1.661230444908142,0.903526484966278,9.719390869140623,3.3314528465271,0.910714328289032,0.829122006893158,1.643310785293579
58,58,0,0.9049553871154784,9.438950538635254,3.3414907455444336,0.9206755757331848,0.8345412015914917,1.6556166410446167,0.9039063453674316,9.67393398284912,3.3151957988739014,0.9110426902770996,0.8299755454063416,1.6357824802398682
59,59,0,0.9051419496536256,9.41819667816162,3.3371777534484863,0.9208642840385436,0.8348867893218994,1.6535054445266724,0.904037594795227,9.659478187561035,3.314091444015503,0.9111219644546508,0.8301899433135986,1.635216474533081
60,60,0,0.9055379033088684,9.387994766235352,3.328550100326538,0.9211369156837464,0.8354272842407227,1.6492096185684204,0.9045156240463256,9.608515739440918,3.295090436935425,0.9116030931472778,0.8311598896980286,1.6258407831192017
61,61,0,0.9057810306549072,9.359167098999023,3.320476531982422,0.921301245689392,0.8359424471855164,1.6452656984329224,0.9043990969657898,9.610044479370115,3.3027775287628174,0.9114912152290344,0.8310493230819702,1.6299651861190796
62,62,0,0.9061893820762634,9.322771072387695,3.3099138736724854,0.9215101599693298,0.836616575717926,1.639939546585083,0.9047886729240416,9.570745468139648,3.2922160625457764,0.9118460416793824,0.8317809700965881,1.6248233318328855
63,63,0,0.9065455198287964,9.29130744934082,3.303304672241211,0.9217764735221864,0.8371896743774414,1.6367379426956177,0.9051252603530884,9.533330917358398,3.286352634429932,0.9121915698051452,0.8324791789054871,1.6220061779022217
64,64,0,0.9068808555603028,9.25389575958252,3.2908718585968018,0.9219772219657898,0.837891161441803,1.6306207180023191,0.904949188232422,9.539458274841309,3.288759708404541,0.9120529890060424,0.8322827219963074,1.623439073562622
65,65,0,0.9072508811950684,9.22312355041504,3.282925128936768,0.9222084879875184,0.838455080986023,1.62657368183136,0.9054490327835084,9.49237060546875,3.27844500541687,0.9124615788459778,0.833179235458374,1.6184203624725342
66,66,0,0.9075060486793518,9.197447776794434,3.275919198989868,0.9224194884300232,0.8389167189598083,1.6230826377868652,0.9058002233505248,9.459905624389648,3.272622585296631,0.9127771258354188,0.8337858319282532,1.615494966506958
67,67,0,0.9078385233879088,9.166232109069824,3.2684834003448486,0.92265647649765,0.8394956588745117,1.619304060935974,0.9058548212051392,9.449902534484863,3.2708473205566406,0.9128567576408386,0.8339248895645142,1.614445686340332
68,68,0,0.9081051349639891,9.140942573547363,3.261378765106201,0.9228624105453492,0.8399527668952942,1.6157841682434082,0.9064875841140748,9.392831802368164,3.256953001022339,0.9133368730545044,0.8350358009338379,1.6079132556915283
69,69,0,0.9084205031394958,9.11292552947998,3.253427505493164,0.9230934977531432,0.8404670357704163,1.6118557453155518,0.9062610864639282,9.403046607971191,3.257227659225464,0.9131976366043092,0.8347635865211487,1.6080799102783203
70,70,0,0.9088072180747986,9.078344345092772,3.243433713912964,0.9233686923980712,0.841117262840271,1.6068445444107056,0.9067304730415344,9.357305526733398,3.2504615783691406,0.91366708278656,0.835641086101532,1.6047273874282837
71,71,0,0.9090054035186768,9.06264877319336,3.2397172451019287,0.9235438108444214,0.8413779139518738,1.6050755977630615,0.9071610569953918,9.311071395874023,3.238851547241211,0.9140035510063172,0.8365310430526733,1.5994303226470947
72,72,0,0.9093248844146729,9.032358169555664,3.230677604675293,0.9238300919532776,0.8419411182403564,1.600562572479248,0.9070262908935548,9.32318115234375,3.239386796951294,0.9139281511306764,0.836220383644104,1.5995252132415771
73,73,0,0.9095465540885924,9.008871078491213,3.2254977226257324,0.9240308403968812,0.8423662185668945,1.5979915857315063,0.9071027636528016,9.304255485534668,3.2316813468933105,0.914082646369934,0.8365525603294373,1.5954804420471191
74,74,0,0.9098952412605286,8.980098724365234,3.214179515838623,0.9241989850997924,0.8429012298583984,1.5923497676849363,0.9074490666389464,9.272591590881348,3.2196857929229736,0.914217472076416,0.8371458649635315,1.5904061794281006
75,75,0,0.9101088047027588,8.957440376281738,3.208121061325073,0.9243826866149902,0.8433117270469666,1.5893298387527466,0.9078212976455688,9.238897323608398,3.2209312915802,0.9146355390548706,0.8377838134765625,1.5910154581069946
76,76,0,0.9103016257286072,8.94343090057373,3.202234506607056,0.924576997756958,0.8435434103012085,1.5864622592926023,0.9077410697937012,9.232519149780272,3.214534044265747,0.9145227670669556,0.8378570675849915,1.588398575782776
77,77,0,0.9106844663619996,8.909171104431152,3.192193031311035,0.9248432517051696,0.8441948890686035,1.5815085172653198,0.9079968333244324,9.211084365844728,3.2028796672821045,0.9147068858146667,0.8382449150085449,1.582838773727417
78,78,0,0.9108337163925172,8.89259147644043,3.1872925758361816,0.924983561038971,0.8444843292236328,1.5791510343551636,0.9079133868217468,9.21245002746582,3.1983180046081543,0.9146270751953124,0.8381653428077698,1.5808048248291016
79,79,0,0.911146879196167,8.865601539611816,3.175837516784668,0.9251839518547058,0.8449884653091431,1.5734469890594482,0.9080036878585817,9.199097633361816,3.191833019256592,0.9147327542304992,0.8383858799934387,1.5775976181030271
80,80,0,0.9113214015960692,8.847761154174805,3.171619415283203,0.9253785610198976,0.8453084230422974,1.5714256763458252,0.9080920219421388,9.18320655822754,3.1875386238098145,0.9147874116897584,0.8386698961257935,1.5758304595947266
81,81,0,0.911669671535492,8.81673526763916,3.160013198852539,0.925577998161316,0.845902144908905,1.5655887126922607,0.9080671072006226,9.187853813171388,3.186370372772217,0.914798378944397,0.8385237455368042,1.57522451877594
82,82,0,0.911787748336792,8.805559158325195,3.1558780670166016,0.9257231950759888,0.846082329750061,1.5636615753173828,0.9082130193710328,9.17202854156494,3.181257486343384,0.9148923754692078,0.8388000130653381,1.572832465171814
83,83,0,0.912134051322937,8.777068138122559,3.147216558456421,0.9259211421012878,0.846622109413147,1.559231519699097,0.9086509943008424,9.13665771484375,3.1842041015625,0.9152603149414062,0.8394782543182373,1.573982000350952
84,84,0,0.9124282002449036,8.750658988952637,3.13887357711792,0.9261581301689148,0.8471144437789917,1.5550388097763062,0.9086373448371888,9.127681732177734,3.1695046424865723,0.9152261018753052,0.8396132588386536,1.5673978328704834
85,85,0,0.9126364588737488,8.729390144348145,3.131808042526245,0.9262458086013794,0.8475065231323242,1.551583170890808,0.9088121652603148,9.112699508666992,3.17507004737854,0.9153443574905396,0.8398739099502563,1.569962978363037
86,86,0,0.9128992557525636,8.700718879699707,3.1232478618621826,0.9264582991600036,0.8480512499809265,1.5472038984298706,0.908428192138672,9.140222549438477,3.178612232208252,0.9150956273078918,0.8392612934112549,1.5715545415878296
87,87,0,0.9131545424461364,8.681382179260254,3.1161346435546875,0.9265903234481812,0.848403811454773,1.5437480211257937,0.908846080303192,9.109721183776855,3.1771531105041504,0.9154649972915648,0.8398440480232239,1.5709068775177002
88,88,0,0.9133533239364624,8.664691925048828,3.1095974445343018,0.9267088770866394,0.8487018346786499,1.5404694080352783,0.908955216407776,9.09659194946289,3.1724534034729004,0.9155820608139038,0.8400659561157227,1.5682111978530884
89,89,0,0.9136924743652344,8.634597778320312,3.10136079788208,0.9269348978996276,0.8492745161056519,1.5363562107086182,0.9089400172233582,9.091854095458984,3.1721842288970947,0.9155052304267884,0.8401155471801758,1.5682615041732788
90,90,0,0.9138608574867249,8.619474411010742,3.0944197177886963,0.9270755052566528,0.8495392203330994,1.5328465700149536,0.9088611602783204,9.099108695983888,3.1784443855285645,0.9154735803604126,0.8399190306663513,1.5709482431411743
91,91,0,0.9141846299171448,8.586507797241211,3.086446762084961,0.927325963973999,0.8501741886138916,1.5289058685302734,0.9083300828933716,9.14076042175293,3.178558826446533,0.9150144457817078,0.8390182256698608,1.5710511207580566
92,92,0,0.9144427180290222,8.568296432495117,3.0781328678131104,0.927438497543335,0.8505041599273682,1.5246754884719849,0.9085161089897156,9.120929718017578,3.181304216384888,0.91522616147995,0.8393785357475281,1.5721923112869265
93,93,0,0.9147207736968994,8.54248332977295,3.0722036361694336,0.9276868104934692,0.850990891456604,1.5218614339828491,0.9088069200515748,9.087202072143556,3.1714067459106445,0.9153437614440918,0.8400289416313171,1.5681772232055664
94,94,0,0.9148983359336852,8.525396347045898,3.0640947818756104,0.9277765154838562,0.8512999415397644,1.51772940158844,0.9088804125785828,9.092467308044434,3.1800873279571533,0.9154562950134276,0.839879035949707,1.5721464157104492
95,95,0,0.9150967001914978,8.50657844543457,3.059943675994873,0.9279337525367736,0.8516452312469482,1.5157562494277954,0.909075140953064,9.066326141357422,3.1704909801483154,0.9155195355415344,0.8403708934783936,1.5677168369293213
96,96,0,0.9153482913970948,8.483585357666016,3.052446126937866,0.9281044006347656,0.8520746231079102,1.5119856595993042,0.9092305302619934,9.051318168640137,3.167471647262573,0.915648341178894,0.8406356573104858,1.566345453262329
97,97,0,0.915600061416626,8.462738990783691,3.046181917190552,0.9282445311546326,0.8524598479270935,1.5088027715682983,0.9093154072761536,9.040803909301758,3.160160779953003,0.9156534075737,0.8408100605010986,1.563127875328064
98,98,0,0.9157082438468932,8.44682502746582,3.04180121421814,0.9283185601234436,0.8527473211288452,1.5066355466842651,0.909569263458252,9.019718170166016,3.1583244800567627,0.9158743023872375,0.8412010073661804,1.5620720386505127
99,99,0,0.9160802364349364,8.413824081420898,3.0330138206481934,0.9285083413124084,0.8533821105957031,1.5021742582321167,0.9095392227172852,9.013697624206545,3.154560804367065,0.9158496856689452,0.8412769436836243,1.560399055480957
100,100,0,0.9161493182182312,8.40396499633789,3.0290842056274414,0.9286031126976012,0.8535400629043579,1.5002895593643188,0.909700572490692,8.998655319213867,3.1511380672454834,0.9159948229789734,0.8415432572364807,1.5589138269424438
101,101,0,0.916379988193512,8.383116722106934,3.0244250297546387,0.928737223148346,0.853924036026001,1.4979360103607178,0.9099413752555848,8.968717575073242,3.1441712379455566,0.9161332249641418,0.8421127200126648,1.555855393409729
102,102,0,0.9164974689483644,8.368932723999023,3.0192651748657227,0.9288177490234376,0.854174017906189,1.49542236328125,0.9100013971328736,8.963578224182129,3.142280101776123,0.9162493944168092,0.8421775102615356,1.5547624826431274
103,103,0,0.916711151599884,8.34865665435791,3.01391863822937,0.9289785623550416,0.854548454284668,1.4927178621292114,0.9101518392562866,8.94373893737793,3.135363340377808,0.916301131248474,0.8425422310829163,1.5518741607666016
104,104,0,0.9169016480445862,8.328836441040039,3.007230520248413,0.929069459438324,0.8549156188964844,1.4894227981567385,0.9101616144180298,8.937253952026367,3.1316821575164795,0.9163381457328796,0.8426346182823181,1.5501594543457031
105,105,0,0.917012333869934,8.317678451538086,3.0030736923217773,0.9291688799858092,0.8551050424575806,1.4873852729797363,0.9103007316589355,8.923579216003418,3.131877422332764,0.9163799285888672,0.842873752117157,1.550564169883728
106,106,0,0.917213499546051,8.297487258911133,2.998685359954834,0.9292841553688048,0.8554784059524536,1.4851303100585938,0.9105647802352904,8.890778541564941,3.1231961250305176,0.9166070818901062,0.8435081243515015,1.5465075969696045
107,107,0,0.9173284769058228,8.286162376403809,2.994001865386963,0.929378867149353,0.8556729555130005,1.4828484058380127,0.9104844331741332,8.897101402282715,3.126800775527954,0.9164865612983704,0.8433374166488647,1.5485925674438477
108,108,0,0.9175748825073242,8.263155937194824,2.988175868988037,0.9295122027397156,0.8561075925827026,1.4799739122390747,0.9108504056930542,8.862668991088867,3.117779493331909,0.9168914556503296,0.8440081477165222,1.544175148010254
109,109,0,0.9175620079040528,8.262828826904297,2.987689971923828,0.9295468926429749,0.8560740947723389,1.4797520637512207,0.9107972383499146,8.857921600341797,3.1138219833374023,0.9167438745498656,0.8440632820129395,1.5427325963974
110,110,0,0.9178621768951416,8.234601020812988,2.979353427886963,0.9296875,0.8566156625747681,1.475548505783081,0.9110156297683716,8.822110176086426,3.106597423553467,0.917049765586853,0.8447611331939697,1.5390536785125732
111,111,0,0.9179977178573608,8.221399307250977,2.9768381118774414,0.9298075437545776,0.8568492531776428,1.4743257761001587,0.9110590815544128,8.814361572265625,3.098172426223755,0.917077660560608,0.8448852300643921,1.5353844165802002
112,112,0,0.9180989861488342,8.209253311157227,2.971996068954468,0.9298436641693116,0.8570654392242432,1.4719277620315552,0.9110108613967896,8.809677124023438,3.1009154319763184,0.9170337915420532,0.8449447751045227,1.536887526512146
113,113,0,0.91831374168396,8.19172191619873,2.968273639678955,0.9299826622009276,0.8573904633522034,1.4700509309768677,0.9112294316291808,8.792550086975098,3.0925850868225098,0.917168915271759,0.8452637791633606,1.5334259271621704
114,114,0,0.9183526635169984,8.18452262878418,2.9644124507904053,0.9299982786178588,0.8575062155723572,1.4681609869003296,0.9111785888671876,8.794729232788086,3.093799591064453,0.9171208143234252,0.8451818227767944,1.5337133407592771
115,115,0,0.9185514450073242,8.167777061462402,2.96002197265625,0.9301111102104188,0.8578126430511475,1.465935230255127,0.9112523794174194,8.776752471923828,3.0844225883483887,0.9172025918960572,0.8455138206481934,1.5299155712127686
116,116,0,0.918755829334259,8.147795677185059,2.956151008605957,0.9302261471748352,0.858187198638916,1.464057207107544,0.9115602374076844,8.748222351074219,3.0805180072784424,0.9175084233283995,0.846062183380127,1.5279042720794678
117,117,0,0.9187788367271424,8.145044326782227,2.9542527198791504,0.9302936792373656,0.8582059741020203,1.4631561040878296,0.91142737865448,8.751179695129395,3.077968120574951,0.9173768162727356,0.8459656238555908,1.5272256135940552
118,118,0,0.9190218448638916,8.121967315673828,2.9480020999908447,0.9304111003875732,0.8586459755897522,1.4600147008895874,0.9116523861885072,8.730119705200195,3.0752878189086914,0.917625606060028,0.8463623523712158,1.5257861614227295
119,119,0,0.9190958738327026,8.115768432617188,2.945997714996338,0.9304858446121216,0.8587363362312317,1.4589935541152954,0.9117431640625,8.714949607849121,3.070154905319214,0.917643904685974,0.8466359376907349,1.523872971534729
120,120,0,0.9191614985466005,8.10683536529541,2.943427562713623,0.9305323958396912,0.8588830828666687,1.4577648639678955,0.9116323590278624,8.72287368774414,3.0723214149475098,0.9175833463668824,0.8464370965957642,1.5244821310043335
121,121,0,0.9193665385246276,8.08732795715332,2.938607215881348,0.9306650757789612,0.8592509031295776,1.455355167388916,0.9117927551269532,8.702568054199219,3.067612171173096,0.9177492260932922,0.8468215465545654,1.5226939916610718
122,122,0,0.9195104241371156,8.074423789978027,2.9345149993896484,0.9307408928871156,0.8594819903373718,1.4533133506774902,0.9117902517318726,8.693390846252441,3.062666893005371,0.917728066444397,0.8469735383987427,1.5209068059921265
123,123,0,0.91953843832016,8.070160865783691,2.932900667190552,0.9307811260223388,0.859534502029419,1.4525914192199707,0.9118679165840148,8.68590259552002,3.060401439666748,0.917780101299286,0.847092866897583,1.5198026895523071
124,124,0,0.91973876953125,8.050838470458984,2.9297749996185303,0.930876076221466,0.8598985075950623,1.4509340524673462,0.9118965268135072,8.680902481079102,3.0614962577819824,0.9177871942520142,0.8471596240997314,1.5201640129089355
125,125,0,0.9198212623596193,8.041707038879395,2.925515651702881,0.9309177994728088,0.8600491285324097,1.448787808418274,0.9118814468383788,8.672818183898926,3.05669379234314,0.9177898168563844,0.8472892045974731,1.5185610055923462
126,126,0,0.9200272560119628,8.022822380065918,2.921261548995972,0.9310513138771056,0.8604036569595337,1.4467240571975708,0.9121026992797852,8.652887344360352,3.0540690422058105,0.9180061221122742,0.8476635217666626,1.5171111822128296
127,127,0,0.920053005218506,8.015020370483398,2.917391061782837,0.9310935735702516,0.8605305552482605,1.4448426961898804,0.912112832069397,8.653678894042969,3.051126718521118,0.9180185198783876,0.8476166129112244,1.5155389308929443
128,128,0,0.9202644228935242,7.99794864654541,2.9134202003479004,0.9311927556991576,0.8608475923538208,1.4428229331970217,0.9119194149971008,8.654868125915527,3.0491671562194824,0.9178526997566224,0.8475527763366699,1.515209078788757
129,129,0,0.9204400181770324,7.981416702270508,2.9098947048187256,0.931293487548828,0.8611530065536499,1.441038966178894,0.9121533632278442,8.641083717346191,3.049352169036865,0.918016254901886,0.8478020429611206,1.5152984857559204
130,130,0,0.9204601049423218,7.975107192993164,2.908070802688598,0.9313147068023682,0.8612491488456726,1.440176010131836,0.912195086479187,8.626607894897461,3.0410327911376958,0.9181156158447266,0.8480679988861084,1.5111775398254397
131,131,0,0.9206175804138184,7.962013721466064,2.904855728149414,0.9314019680023192,0.8614857792854309,1.4385212659835815,0.9122533798217772,8.627023696899414,3.046293973922729,0.9180879592895508,0.8480238318443298,1.5141483545303345
132,132,0,0.92076313495636,7.951271533966064,2.9013710021972656,0.9315012693405152,0.861672043800354,1.436833381652832,0.9122951626777648,8.618349075317383,3.039405345916748,0.9182090759277344,0.8481671810150146,1.5107524394989014
133,133,0,0.9208213090896606,7.941018104553223,2.899545669555664,0.93153977394104,0.8618471622467041,1.4358901977539062,0.912260890007019,8.612272262573242,3.0401771068573,0.9181686639785768,0.8482553958892822,1.511738419532776
134,134,0,0.9210365414619446,7.922556400299072,2.894660711288452,0.9316699504852296,0.8621951341629028,1.433460712432861,0.9125014543533324,8.593172073364258,3.0365447998046875,0.918427586555481,0.8486171960830688,1.5096285343170166
135,135,0,0.9210167527198792,7.919784069061279,2.893759250640869,0.9316829442977904,0.8622196316719055,1.433012843132019,0.9123676419258118,8.602745056152344,3.0362045764923096,0.9182345271110536,0.8483845591545105,1.509453058242798
136,136,0,0.921161651611328,7.908773422241211,2.890615940093994,0.931766152381897,0.8624099493026733,1.4314334392547607,0.9122756719589232,8.602800369262695,3.0310487747192383,0.9181866645812988,0.8483486175537109,1.507389783859253
137,137,0,0.9212989211082458,7.89519739151001,2.8882126808166504,0.9318076968193054,0.8626570105552673,1.430211067199707,0.9126754999160768,8.56782341003418,3.0327699184417725,0.9185802340507508,0.8490342497825623,1.508176565170288
138,138,0,0.9213796257972716,7.885787010192871,2.8853142261505127,0.9318968057632446,0.8628165125846863,1.42879056930542,0.9127114415168762,8.564335823059082,3.0313720703125,0.9186180830001832,0.8490722179412842,1.5079190731048584
139,139,0,0.9214531779289246,7.880237579345703,2.8852362632751465,0.931996762752533,0.862898051738739,1.4287686347961426,0.9125795364379884,8.57315444946289,3.031341075897217,0.9184719920158386,0.848857581615448,1.5079491138458252
140,140,0,0.921588897705078,7.86596155166626,2.8802669048309326,0.9320074319839478,0.863158106803894,1.426256775856018,0.9126030206680298,8.569584846496582,3.035238742828369,0.918493926525116,0.8488950729370117,1.5098272562026978
141,141,0,0.921661913394928,7.858226776123047,2.878066062927246,0.9320827126502992,0.8632832169532776,1.4251729249954224,0.9126537442207336,8.558939933776855,3.0319483280181885,0.9186110496520996,0.849079430103302,1.508680820465088
142,142,0,0.9218673706054688,7.839571952819824,2.8749942779541016,0.932170033454895,0.8636345267295837,1.423647403717041,0.9125127792358398,8.564027786254883,3.035864353179932,0.918462097644806,0.8489403128623962,1.510693073272705
143,143,0,0.921908676624298,7.833059310913086,2.8730058670043945,0.9321739077568054,0.8637346029281616,1.4226837158203125,0.9126321077346802,8.552637100219727,3.035923480987549,0.9185560941696168,0.849140465259552,1.51134991645813
144,144,0,0.9220181703567504,7.823853969573975,2.872037649154663,0.9322584271430968,0.8638900518417358,1.4221975803375244,0.9128690958023072,8.528055191040039,3.035932779312134,0.9187687039375304,0.8496109247207642,1.5110948085784912
145,145,0,0.9222140908241272,7.804560661315918,2.8672068119049072,0.9323595762252808,0.8642549514770508,1.4198580980300903,0.912696659564972,8.541521072387695,3.039634704589844,0.9186558723449708,0.8493018746376038,1.5131072998046875
146,146,0,0.92236590385437,7.793879508972168,2.8651387691497803,0.9324776530265808,0.8644430637359619,1.4188040494918823,0.9131141901016236,8.507905960083008,3.0353355407714844,0.919001281261444,0.8499610424041748,1.5107425451278689
147,147,0,0.9223841428756714,7.788653373718262,2.8625054359436035,0.9325132369995116,0.8645174503326416,1.4175517559051514,0.9132510423660278,8.494132995605469,3.034816026687622,0.9191579818725586,0.8502115607261658,1.510384202003479
148,148,0,0.922554075717926,7.772862911224365,2.858694553375244,0.9326364994049072,0.8648099899291992,1.4156213998794556,0.9132400751113892,8.491338729858398,3.0390424728393555,0.919202446937561,0.8502377867698669,1.512626886367798
149,149,0,0.9226831793785096,7.761596202850342,2.8559415340423584,0.9327004551887512,0.8650096654891968,1.414271116256714,0.9134222269058228,8.474763870239258,3.0330615043640137,0.919345498085022,0.850544810295105,1.5094135999679563
150,150,0,0.9228997230529784,7.742714881896973,2.851393222808838,0.9328573346138,0.8653634786605835,1.4119291305541992,0.9132221937179564,8.485130310058594,3.0346083641052246,0.9191353917121888,0.8502942323684692,1.5102134943008425
151,151,0,0.9228208661079408,7.749747276306152,2.8525550365448,0.9328506588935852,0.8651866316795349,1.412630915641785,0.913437843322754,8.464866638183594,3.031120538711548,0.9194114804267884,0.8506835103034973,1.5082252025604248
152,152,0,0.923026442527771,7.728670120239258,2.847294330596924,0.9329930543899536,0.8655900955200195,1.409955978393555,0.9136045575141908,8.450544357299805,3.029137372970581,0.9195393323898317,0.8509465456008911,1.5075647830963137
153,153,0,0.9230821132659912,7.725143909454346,2.8451948165893555,0.9330419898033142,0.8656303882598877,1.4088966846466064,0.913774311542511,8.431951522827148,3.020754814147949,0.91973876953125,0.8512970805168152,1.5030076503753662
154,154,0,0.9231627583503724,7.714840888977051,2.842113494873047,0.9331167340278624,0.8658120632171631,1.407410740852356,0.9136245846748352,8.436826705932617,3.02351713180542,0.9196022152900696,0.8511652946472168,1.5047061443328855
155,155,0,0.9233343601226808,7.70106315612793,2.8383169174194336,0.9332138299942015,0.866065263748169,1.4055371284484863,0.9138814210891724,8.417089462280273,3.022955656051636,0.9198670387268066,0.8515419960021973,1.5044732093811035
156,156,0,0.9233745336532592,7.695614814758301,2.8383657932281494,0.9332769513130188,0.8661469221115112,1.4055113792419434,0.9137483835220336,8.424875259399414,3.0202455520629883,0.9196857213974,0.8513500690460205,1.5032535791397097
157,157,0,0.9235357642173768,7.680787563323975,2.833292961120605,0.9333414435386658,0.8664213418960571,1.4030064344406128,0.9137035608291626,8.420185089111328,3.0234761238098145,0.9197372198104858,0.8514130711555481,1.5050915479660034
158,158,0,0.923577606678009,7.67360782623291,2.8319451808929443,0.933376133441925,0.8665386438369751,1.4023977518081665,0.9133469462394714,8.4451904296875,3.0264549255371094,0.9193738698959352,0.8508689999580383,1.5070220232009888
159,159,0,0.9237100481987,7.663073539733887,2.830124855041504,0.933436393737793,0.8667269349098206,1.401395559310913,0.9140628576278688,8.384252548217773,3.0215752124786377,0.9200592041015624,0.8520933389663696,1.504117727279663
160,160,0,0.9237929582595824,7.653957843780518,2.828683614730835,0.933513879776001,0.8668830990791321,1.400593876838684,0.9135330319404602,8.426332473754883,3.026388168334961,0.9195245504379272,0.8511934876441956,1.506897211074829
161,161,0,0.923914909362793,7.64598274230957,2.8264100551605225,0.9335897564888,0.86701500415802,1.399535059928894,0.914048194885254,8.386628150939941,3.023714065551758,0.919978141784668,0.8519802093505859,1.505491018295288
162,162,0,0.9239227175712584,7.639216423034668,2.8236398696899414,0.93360435962677,0.8671249151229858,1.3982304334640503,0.9137407541275024,8.399322509765625,3.0235562324523926,0.9197931289672852,0.8516892790794373,1.505467176437378
163,163,0,0.9241358637809752,7.622941970825195,2.819206714630127,0.9337493777275084,0.8674300312995911,1.395963430404663,0.9137438535690308,8.395219802856445,3.020558357238769,0.919771671295166,0.8517419099807739,1.5045887231826782
164,164,0,0.9241839051246644,7.616363525390625,2.8178231716156006,0.9337797164916992,0.867536187171936,1.3953049182891846,0.9140008091926576,8.370096206665039,3.015718698501587,0.9200431108474731,0.852230429649353,1.5014526844024658
165,165,0,0.9242929220199584,7.605923175811768,2.814455032348633,0.9338588118553162,0.8677206635475159,1.3936010599136353,0.9140591621398926,8.36646556854248,3.013597011566162,0.9200782775878906,0.8522752523422241,1.5009477138519287
166,166,0,0.9243621826171876,7.598080158233643,2.811830997467041,0.9339163899421692,0.8678528070449829,1.392266035079956,0.914282202720642,8.340991973876953,3.0095982551574707,0.920299232006073,0.8527699112892151,1.4990065097808838
167,167,0,0.924454391002655,7.591207504272461,2.8097984790802,0.933942437171936,0.867963969707489,1.391294002532959,0.9140998721122742,8.354474067687988,3.012673139572144,0.9201337695121764,0.8524604439735413,1.50084125995636
168,168,0,0.9245828986167908,7.5758891105651855,2.805495023727417,0.9340569972991944,0.8682490587234497,1.3891582489013672,0.9143537282943726,8.331079483032227,3.007310152053833,0.9203322529792786,0.8529127240180969,1.497859239578247
169,169,0,0.9246706366539,7.568377017974853,2.8050405979156494,0.9341154098510742,0.8683748245239258,1.3889141082763672,0.914478600025177,8.319987297058105,3.0036778450012207,0.920419692993164,0.8531123995780945,1.4963568449020386
170,170,0,0.9246994853019714,7.563335418701172,2.8010380268096924,0.9341309666633606,0.8684521317481995,1.3869668245315552,0.914499580860138,8.312042236328125,3.0033328533172607,0.9204766154289246,0.8532494902610779,1.4960511922836304
171,171,0,0.9248208999633788,7.557281017303467,2.802002429962158,0.9342848658561708,0.8685499429702759,1.3874589204788208,0.9146910905838012,8.296716690063477,3.000584125518799,0.9206609725952148,0.8535385131835938,1.4947268962860107
172,172,0,0.9249210953712464,7.546179294586182,2.797914505004883,0.9343283772468568,0.868750810623169,1.385325908660889,0.9148022532463074,8.284605026245117,2.9961209297180176,0.9207342267036438,0.8537578582763672,1.4923770427703855
173,173,0,0.925053596496582,7.533463478088379,2.7946598529815674,0.934396266937256,0.86898273229599,1.383731245994568,0.9150110483169556,8.26595687866211,2.99978256225586,0.9209784269332886,0.8541107177734375,1.49447500705719
174,174,0,0.9251181483268738,7.527350425720215,2.791490077972412,0.9344653487205504,0.8690780997276306,1.3821269273757937,0.9146870374679564,8.286040306091309,2.998162746429444,0.9206632375717164,0.853667140007019,1.4938228130340576
175,175,0,0.9251863360404968,7.51960563659668,2.787832021713257,0.934500217437744,0.8692091107368469,1.380345344543457,0.914862334728241,8.271430969238281,2.9995851516723637,0.9208778142929076,0.8539398908615112,1.494768142700195
176,176,0,0.925283670425415,7.508397579193115,2.7881319522857666,0.9346200823783876,0.8694125413894653,1.3804974555969238,0.9152294993400574,8.236129760742188,2.99452543258667,0.921225905418396,0.8546397089958191,1.4918746948242188
177,177,0,0.925411581993103,7.500045299530029,2.784095287322998,0.9346676468849182,0.8695564270019531,1.3784632682800293,0.9148958325386048,8.26729679107666,2.992128610610962,0.920814037322998,0.8539682626724243,1.4912567138671875
178,178,0,0.9253620505332948,7.49909782409668,2.781834840774536,0.9346457719802856,0.8695493936538696,1.3774681091308594,0.9150301218032836,8.245013236999512,2.9912147521972656,0.9210321307182312,0.8544012308120728,1.4906551837921145
179,179,0,0.9255587458610536,7.483766078948975,2.7787652015686035,0.934786319732666,0.8698389530181885,1.375901699066162,0.9152847528457642,8.224881172180176,2.985032796859741,0.9212559461593628,0.8547893762588501,1.487849473953247
180,180,0,0.9256487488746644,7.474268913269043,2.774755954742432,0.9348286390304564,0.8700076341629028,1.3738704919815063,0.9154869318008424,8.210453033447266,2.982839107513428,0.9214011430740356,0.8550580739974976,1.4862641096115112
181,181,0,0.9256919622421264,7.469403266906738,2.77334213256836,0.9348796606063844,0.8700782060623169,1.37313711643219,0.9153764843940736,8.20897102355957,2.9802582263946533,0.9213297963142396,0.8550573587417603,1.4854378700256348
182,182,0,0.9258196353912354,7.458268165588379,2.769805669784546,0.9349653720855712,0.8702775835990906,1.3714196681976318,0.9153401255607604,8.212895393371582,2.9858829975128174,0.9213171005249025,0.8549479246139526,1.488572120666504
183,183,0,0.925854742527008,7.451727867126465,2.766068696975708,0.9349459409713744,0.8703820109367371,1.3694959878921509,0.9154708981513976,8.197076797485352,2.9767990112304688,0.9213975667953492,0.8552408218383789,1.4838638305664062
184,184,0,0.9259246587753296,7.446056365966797,2.7667765617370605,0.9350481629371644,0.8704700469970703,1.369920015335083,0.9155559539794922,8.190709114074707,2.979224681854248,0.9214637875556946,0.8553466796875,1.484991431236267
185,185,0,0.925931990146637,7.439794063568115,2.765272617340088,0.9350661635398864,0.8705734610557556,1.3691341876983645,0.9154783487319946,8.192131042480469,2.98184871673584,0.9214385747909546,0.8552907109260559,1.4865858554840088
186,186,0,0.9261239767074584,7.427822589874268,2.7599923610687256,0.9351758360862732,0.8707939386367798,1.366555094718933,0.9156082272529602,8.178860664367676,2.9770007133483887,0.9215113520622252,0.8555377721786499,1.4838402271270752
187,187,0,0.9261490702629088,7.422294616699219,2.758859157562256,0.9351955652236938,0.8708794713020325,1.3659757375717163,0.9153903722763062,8.19568920135498,2.9841041564941406,0.9213660955429076,0.8551622629165649,1.4879796504974363
188,188,0,0.9262599349021912,7.412038803100586,2.754846811294556,0.9352380633354188,0.8710630536079407,1.3639812469482422,0.915683090686798,8.168615341186523,2.971047163009644,0.9215747714042664,0.8556894659996033,1.4810551404953003
189,189,0,0.9262709617614746,7.40886926651001,2.754523992538452,0.9352898597717284,0.8710989356040955,1.3638668060302734,0.9154791831970216,8.185310363769531,2.9801692962646484,0.9214268922805786,0.8553183078765869,1.4859777688980105
190,190,0,0.9264026284217834,7.395981311798096,2.750645160675049,0.9353429079055786,0.8713382482528687,1.3618597984313965,0.9158884286880492,8.146288871765137,2.971279621124268,0.9218066930770874,0.8560947179794312,1.4814202785491943
191,191,0,0.9264548420906068,7.392435073852539,2.750060796737671,0.9353885054588318,0.8713838458061218,1.361548900604248,0.91567862033844,8.16079330444336,2.972486972808838,0.9216151237487792,0.8557676076889038,1.482249736785889
192,192,0,0.9265164732933044,7.382820129394531,2.74692964553833,0.9354386925697328,0.871552050113678,1.3599597215652466,0.91568261384964,8.158794403076172,2.9737706184387207,0.9216078519821168,0.8557802438735962,1.4830657243728638
193,193,0,0.9265997409820556,7.376005172729492,2.7448623180389404,0.935458481311798,0.8716651797294617,1.3590083122253418,0.9156652688980104,8.161843299865723,2.97236704826355,0.9215641021728516,0.8556892275810242,1.4821460247039795
194,194,0,0.9266726970672609,7.368170738220215,2.744816541671753,0.9355573654174804,0.8717993497848511,1.3589612245559692,0.9154909253120422,8.169543266296387,2.973870038986206,0.9214147329330444,0.8555030226707458,1.482955813407898
195,195,0,0.9267294406890868,7.362734794616699,2.7414469718933105,0.93555349111557,0.8718820810317993,1.3572638034820557,0.9156087040901184,8.159170150756836,2.971325397491455,0.9215471148490906,0.8556855320930481,1.4819166660308838
196,196,0,0.9268008470535278,7.354893684387207,2.739309787750244,0.9356418251991272,0.872015118598938,1.3562283515930176,0.9155346155166626,8.161659240722656,2.9732213020324707,0.9214503169059752,0.8556076288223267,1.4829232692718506
197,197,0,0.9268453121185304,7.349654674530029,2.73938250541687,0.935678243637085,0.8720970749855042,1.3562546968460083,0.9157277941703796,8.14712905883789,2.975376605987549,0.9216556549072266,0.8558815717697144,1.4840528964996338
198,198,0,0.9269242882728576,7.341001987457275,2.7374958992004395,0.9357251524925232,0.8722499012947083,1.355260133743286,0.9154716730117798,8.165717124938965,2.969428539276123,0.9213663339614868,0.8554721474647522,1.4810131788253784
199,199,0,0.9269840717315674,7.336599349975586,2.7358105182647705,0.9357724785804749,0.8723134994506836,1.354460835456848,0.9155852198600768,8.158089637756348,2.9702823162078857,0.9214359521865844,0.8556014895439148,1.4815281629562378
200,200,0,0.9270639419555664,7.328327178955078,2.733672857284546,0.9358040690422058,0.8724559545516968,1.3533713817596436,0.9158519506454468,8.137323379516602,2.962847948074341,0.9216599464416504,0.8559993505477905,1.4779548645019531
201,201,0,0.9271751642227172,7.317085742950439,2.729941844940185,0.9358988404273988,0.8726598620414734,1.351528882980347,0.9154645204544068,8.160940170288086,2.969748020172119,0.9213069081306458,0.855489194393158,1.481216311454773
202,202,0,0.92717844247818,7.314948081970215,2.7286665439605717,0.9358716607093812,0.8726811408996582,1.3509005308151243,0.9155815243721008,8.153083801269531,2.9747235774993896,0.921450972557068,0.8556275963783264,1.483781099319458
203,203,0,0.9272183775901794,7.309486865997314,2.728742837905884,0.935945987701416,0.8727697134017944,1.3509974479675293,0.915372371673584,8.166177749633789,2.974099636077881,0.9212282299995422,0.8553358316421509,1.4834396839141846
204,204,0,0.9273394346237184,7.29940938949585,2.725565195083618,0.935977339744568,0.8729534149169922,1.349336862564087,0.9155763387680054,8.1463041305542,2.96596908569336,0.921434998512268,0.8557160496711731,1.479256510734558
205,205,0,0.927440106868744,7.289214611053467,2.723837852478028,0.9360653162002563,0.8731359839439392,1.3484898805618286,0.9155882000923156,8.149640083312988,2.9683878421783447,0.9213876724243164,0.8556206226348877,1.4805829524993896
206,206,0,0.9274439215660096,7.289109230041504,2.7238337993621826,0.9360790848731996,0.8731117248535156,1.348442554473877,0.9154364466667176,8.156648635864258,2.974592447280884,0.921320140361786,0.8554510474205017,1.4837192296981812
207,207,0,0.9275689721107484,7.274322032928467,2.719564437866211,0.9361690878868104,0.8733906745910645,1.3463099002838137,0.915513813495636,8.152735710144043,2.9699015617370605,0.9212883114814758,0.8555044531822205,1.4815361499786377
208,208,0,0.9275920391082764,7.27253532409668,2.7200655937194824,0.936159074306488,0.8734001517295837,1.3466113805770874,0.9153582453727722,8.14721965789795,2.9776413440704346,0.9212931394577026,0.8555963635444641,1.4854736328125
209,209,0,0.9276106953620912,7.271461486816406,2.724373340606689,0.9362837672233582,0.8734074234962463,1.348702073097229,0.915354549884796,8.15612506866455,2.969732522964477,0.921218991279602,0.8553965091705322,1.481772541999817
210,210,0,0.9277334213256836,7.258572578430176,2.713707447052002,0.936269462108612,0.8736488223075867,1.343389868736267,0.9151651263237,8.173219680786133,2.969767808914185,0.92097008228302,0.8550127148628235,1.481578350067139
211,211,0,0.9278395175933838,7.249288558959961,2.711996793746948,0.9363561272621156,0.8738117218017578,1.342609405517578,0.9151431322097778,8.175237655639648,2.9744880199432373,0.9209672212600708,0.8549454212188721,1.4838788509368896
212,212,0,0.9278628826141356,7.245186805725098,2.711812734603882,0.9363688826560974,0.8738695383071899,1.3424807786941528,0.9154688119888306,8.145369529724121,2.9638988971710205,0.9212481379508972,0.8555328845977783,1.4787065982818604
213,213,0,0.927918255329132,7.239561557769775,2.7082204818725586,0.9364109635353088,0.8739594221115112,1.340696096420288,0.9150879979133606,8.17384147644043,2.9730029106140137,0.920917510986328,0.8549227118492126,1.4832799434661863
214,214,0,0.9279698729515076,7.23459529876709,2.708925485610962,0.9364517331123352,0.8740360140800476,1.3410152196884155,0.915395736694336,8.151288032531738,2.9636895656585693,0.9211755990982056,0.8553575873374939,1.4787843227386477
215,215,0,0.9280857443809508,7.223355293273926,2.705568790435791,0.9365288019180298,0.874238133430481,1.3393934965133667,0.9152806997299194,8.15734577178955,2.970545053482056,0.9210665822029114,0.8552047610282898,1.482337236404419
216,216,0,0.9281449317932128,7.21762752532959,2.705272912979126,0.9365509748458862,0.8743306994438171,1.3392523527145386,0.9150511622428894,8.173368453979492,2.968514204025269,0.9208468198776244,0.8548498153686523,1.4815194606781006
217,217,0,0.9281242489814758,7.220369338989258,2.7060351371765137,0.93657249212265,0.8742589950561523,1.3396360874176023,0.9149916768074036,8.176080703735352,2.971595287322998,0.9207746386528016,0.8547815680503845,1.482751727104187
218,218,0,0.9282246828079224,7.209368705749512,2.702986240386963,0.936640441417694,0.8744627833366394,1.3381240367889404,0.9152188301086426,8.163010597229004,2.966182231903076,0.9209397435188292,0.8550249934196472,1.4799476861953735
219,219,0,0.9282949566841124,7.202015399932861,2.700002670288086,0.9366525411605836,0.8745871782302856,1.3366222381591797,0.9152436256408693,8.154895782470703,2.962610960006714,0.920968234539032,0.8551598787307739,1.478429079055786
220,220,0,0.9283431172370912,7.197448253631592,2.7000887393951416,0.9367091059684752,0.874652624130249,1.3366461992263794,0.9150643348693848,8.166433334350586,2.9678702354431152,0.9208142161369324,0.8548961877822876,1.481142282485962
